year,CTY_CODE,CTYNAME,I_1
2001,5880,India1672,10
2001,5880,Russia1672,10
2001,5880,China1672,10
2001,5880,USA1672,10
2001,5880,UK1672,10
2001,5880,Africa1672,10
2001,5880,Australia1672,10
2001,5880,America1672,10
2001,5880,Russia1672,10
2001,5880,Japan1673,10
2001,5880,India1673,10
2001,5880,Russia1673,10
2001,5880,China1673,10
2001,5880,USA1673,10
2001,5880,UK1673,10
2001,5880,Africa1673,10
2001,5880,Australia1673,10
2001,5880,America1673,10
2001,5880,Russia1673,10
2001,5880,Japan1674,10
2001,5880,India1674,10
2001,5880,Russia1674,10
2001,5880,China1674,10
2001,5880,USA1674,10
2001,5880,UK1674,10
2001,5880,Africa1674,10
2001,5880,Australia1674,10
2001,5880,America1674,10
2001,5880,Russia1674,10
2001,5880,Japan1675,10
2001,5880,India1675,10
2001,5880,Russia1675,10
2001,5880,China1675,10
2001,5880,USA1675,10
2001,5880,UK1675,10
2001,5880,Africa1675,10
2001,5880,Australia1675,10
2001,5880,America1675,10
2001,5880,Russia1675,10
2001,5880,Japan1676,10
2001,5880,India1676,10
2001,5880,Russia1676,10
2001,5880,China1676,10
2001,5880,USA1676,10
2001,5880,UK1676,10
2001,5880,Africa1676,10
2001,5880,Australia1676,10
2001,5880,America1676,10
2001,5880,Russia1676,10
2001,5880,Japan1677,10
2001,5880,India1677,10
2001,5880,Russia1677,10
2001,5880,China1677,10
2001,5880,USA1677,10
2001,5880,UK1677,10
2001,5880,Africa1677,10
2001,5880,Australia1677,10
2001,5880,America1677,10
2001,5880,Russia1677,10
2001,5880,Japan1678,10
2001,5880,India1678,10
2001,5880,Russia1678,10
2001,5880,China1678,10
2001,5880,USA1678,10
2001,5880,UK1678,10
2001,5880,Africa1678,10
2001,5880,Australia1678,10
2001,5880,America1678,10
2001,5880,Russia1678,10
2001,5880,Japan1679,10
2001,5880,India1679,10
2001,5880,Russia1679,10
2001,5880,China1679,10
2001,5880,USA1679,10
2001,5880,UK1679,10
2001,5880,Africa1679,10
2001,5880,Australia1679,10
2001,5880,America1679,10
2001,5880,Russia1679,10
2001,5880,Japan1680,10
2001,5880,India1680,10
2001,5880,Russia1680,10
2001,5880,China1680,10
2001,5880,USA1680,10
2001,5880,UK1680,10
2001,5880,Africa1680,10
2001,5880,Australia1680,10
2001,5880,America1680,10
2001,5880,Russia1680,10
2001,5880,Japan1681,10
2001,5880,India1681,10
2001,5880,Russia1681,10
2001,5880,China1681,10
2001,5880,USA1681,10
2001,5880,UK1681,10
2001,5880,Africa1681,10
2001,5880,Australia1681,10
2001,5880,America1681,10
2001,5880,Russia1681,10
2001,5880,Japan1682,10
2001,5880,India1682,10
2001,5880,Russia1682,10
2001,5880,China1682,10
2001,5880,USA1682,10
2001,5880,UK1682,10
2001,5880,Africa1682,10
2001,5880,Australia1682,10
2001,5880,America1682,10
2001,5880,Russia1682,10
2001,5880,Japan1683,10
2001,5880,India1683,10
2001,5880,Russia1683,10
2001,5880,China1683,10
2001,5880,USA1683,10
2001,5880,UK1683,10
2001,5880,Africa1683,10
2001,5880,Australia1683,10
2001,5880,America1683,10
2001,5880,Russia1683,10
2001,5880,Japan1684,10
2001,5880,India1684,10
2001,5880,Russia1684,10
2001,5880,China1684,10
2001,5880,USA1684,10
2001,5880,UK1684,10
2001,5880,Africa1684,10
2001,5880,Australia1684,10
2001,5880,America1684,10
2001,5880,Russia1684,10
2001,5880,Japan1685,10
2001,5880,India1685,10
2001,5880,Russia1685,10
2001,5880,China1685,10
2001,5880,USA1685,10
2001,5880,UK1685,10
2001,5880,Africa1685,10
2001,5880,Australia1685,10
2001,5880,America1685,10
2001,5880,Russia1685,10
2001,5880,Japan1686,10
2001,5880,India1686,10
2001,5880,Russia1686,10
2001,5880,China1686,10
2001,5880,USA1686,10
2001,5880,UK1686,10
2001,5880,Africa1686,10
2001,5880,Australia1686,10
2001,5880,America1686,10
2001,5880,Russia1686,10
2001,5880,Japan1687,10
2001,5880,India1687,10
2001,5880,Russia1687,10
2001,5880,China1687,10
2001,5880,USA1687,10
2001,5880,UK1687,10
2001,5880,Africa1687,10
2001,5880,Australia1687,10
2001,5880,America1687,10
2001,5880,Russia1687,10
2001,5880,Japan1688,10
2001,5880,India1688,10
2001,5880,Russia1688,10
2001,5880,China1688,10
2001,5880,USA1688,10
2001,5880,UK1688,10
2001,5880,Africa1688,10
2001,5880,Australia1688,10
2001,5880,America1688,10
2001,5880,Russia1688,10
2001,5880,Japan1689,10
2001,5880,India1689,10
2001,5880,Russia1689,10
2001,5880,China1689,10
2001,5880,USA1689,10
2001,5880,UK1689,10
2001,5880,Africa1689,10
2001,5880,Australia1689,10
2001,5880,America1689,10
2001,5880,Russia1689,10
2001,5880,Japan1690,10
2001,5880,India1690,10
2001,5880,Russia1690,10
2001,5880,China1690,10
2001,5880,USA1690,10
2001,5880,UK1690,10
2001,5880,Africa1690,10
2001,5880,Australia1690,10
2001,5880,America1690,10
2001,5880,Russia1690,10
2001,5880,Japan1691,10
2001,5880,India1691,10
2001,5880,Russia1691,10
2001,5880,China1691,10
2001,5880,USA1691,10
2001,5880,UK1691,10
2001,5880,Africa1691,10
2001,5880,Australia1691,10
2001,5880,America1691,10
2001,5880,Russia1691,10
2001,5880,Japan1692,10
2001,5880,India1692,10
2001,5880,Russia1692,10
2001,5880,China1692,10
2001,5880,USA1692,10
2001,5880,UK1692,10
2001,5880,Africa1692,10
2001,5880,Australia1692,10
2001,5880,America1692,10
2001,5880,Russia1692,10
2001,5880,Japan1693,10
2001,5880,India1693,10
2001,5880,Russia1693,10
2001,5880,China1693,10
2001,5880,USA1693,10
2001,5880,UK1693,10
2001,5880,Africa1693,10
2001,5880,Australia1693,10
2001,5880,America1693,10
2001,5880,Russia1693,10
2001,5880,Japan1694,10
2001,5880,India1694,10
2001,5880,Russia1694,10
2001,5880,China1694,10
2001,5880,USA1694,10
2001,5880,UK1694,10
2001,5880,Africa1694,10
2001,5880,Australia1694,10
2001,5880,America1694,10
2001,5880,Russia1694,10
2001,5880,Japan1695,10
2001,5880,India1695,10
2001,5880,Russia1695,10
2001,5880,China1695,10
2001,5880,USA1695,10
2001,5880,UK1695,10
2001,5880,Africa1695,10
2001,5880,Australia1695,10
2001,5880,America1695,10
2001,5880,Russia1695,10
2001,5880,Japan1696,10
2001,5880,India1696,10
2001,5880,Russia1696,10
2001,5880,China1696,10
2001,5880,USA1696,10
2001,5880,UK1696,10
2001,5880,Africa1696,10
2001,5880,Australia1696,10
2001,5880,America1696,10
2001,5880,Russia1696,10
2001,5880,Japan1697,10
2001,5880,India1697,10
2001,5880,Russia1697,10
2001,5880,China1697,10
2001,5880,USA1697,10
2001,5880,UK1697,10
2001,5880,Africa1697,10
2001,5880,Australia1697,10
2001,5880,America1697,10
2001,5880,Russia1697,10
2001,5880,Japan1698,10
2001,5880,India1698,10
2001,5880,Russia1698,10
2001,5880,China1698,10
2001,5880,USA1698,10
2001,5880,UK1698,10
2001,5880,Africa1698,10
2001,5880,Australia1698,10
2001,5880,America1698,10
2001,5880,Russia1698,10
2001,5880,Japan1699,10
2001,5880,India1699,10
2001,5880,Russia1699,10
2001,5880,China1699,10
2001,5880,USA1699,10
2001,5880,UK1699,10
2001,5880,Africa1699,10
2001,5880,Australia1699,10
2001,5880,America1699,10
2001,5880,Russia1699,10
2001,5880,Japan1700,10
2001,5880,India1700,10
2001,5880,Russia1700,10
2001,5880,China1700,10
2001,5880,USA1700,10
2001,5880,UK1700,10
2001,5880,Africa1700,10
2001,5880,Australia1700,10
2001,5880,America1700,10
2001,5880,Russia1700,10
2001,5880,Japan1701,10
2001,5880,India1701,10
2001,5880,Russia1701,10
2001,5880,China1701,10
2001,5880,USA1701,10
2001,5880,UK1701,10
2001,5880,Africa1701,10
2001,5880,Australia1701,10
2001,5880,America1701,10
2001,5880,Russia1701,10
2001,5880,Japan1702,10
2001,5880,India1702,10
2001,5880,Russia1702,10
2001,5880,China1702,10
2001,5880,USA1702,10
2001,5880,UK1702,10
2001,5880,Africa1702,10
2001,5880,Australia1702,10
2001,5880,America1702,10
2001,5880,Russia1702,10
2001,5880,Japan1703,10
2001,5880,India1703,10
2001,5880,Russia1703,10
2001,5880,China1703,10
2001,5880,USA1703,10
2001,5880,UK1703,10
2001,5880,Africa1703,10
2001,5880,Australia1703,10
2001,5880,America1703,10
2001,5880,Russia1703,10
2001,5880,Japan1704,10
2001,5880,India1704,10
2001,5880,Russia1704,10
2001,5880,China1704,10
2001,5880,USA1704,10
2001,5880,UK1704,10
2001,5880,Africa1704,10
2001,5880,Australia1704,10
2001,5880,America1704,10
2001,5880,Russia1704,10
2001,5880,Japan1705,10
2001,5880,India1705,10
2001,5880,Russia1705,10
2001,5880,China1705,10
2001,5880,USA1705,10
2001,5880,UK1705,10
2001,5880,Africa1705,10
2001,5880,Australia1705,10
2001,5880,America1705,10
2001,5880,Russia1705,10
2001,5880,Japan1706,10
2001,5880,India1706,10
2001,5880,Russia1706,10
2001,5880,China1706,10
2001,5880,USA1706,10
2001,5880,UK1706,10
2001,5880,Africa1706,10
2001,5880,Australia1706,10
2001,5880,America1706,10
2001,5880,Russia1706,10
2001,5880,Japan1707,10
2001,5880,India1707,10
2001,5880,Russia1707,10
2001,5880,China1707,10
2001,5880,USA1707,10
2001,5880,UK1707,10
2001,5880,Africa1707,10
2001,5880,Australia1707,10
2001,5880,America1707,10
2001,5880,Russia1707,10
2001,5880,Japan1708,10
2001,5880,India1708,10
2001,5880,Russia1708,10
2001,5880,China1708,10
2001,5880,USA1708,10
2001,5880,UK1708,10
2001,5880,Africa1708,10
2001,5880,Australia1708,10
2001,5880,America1708,10
2001,5880,Russia1708,10
2001,5880,Japan1709,10
2001,5880,India1709,10
2001,5880,Russia1709,10
2001,5880,China1709,10
2001,5880,USA1709,10
2001,5880,UK1709,10
2001,5880,Africa1709,10
2001,5880,Australia1709,10
2001,5880,America1709,10
2001,5880,Russia1709,10
2001,5880,Japan1710,10
2001,5880,India1710,10
2001,5880,Russia1710,10
2001,5880,China1710,10
2001,5880,USA1710,10
2001,5880,UK1710,10
2001,5880,Africa1710,10
2001,5880,Australia1710,10
2001,5880,America1710,10
2001,5880,Russia1710,10
2001,5880,Japan1711,10
2001,5880,India1711,10
2001,5880,Russia1711,10
2001,5880,China1711,10
2001,5880,USA1711,10
2001,5880,UK1711,10
2001,5880,Africa1711,10
2001,5880,Australia1711,10
2001,5880,America1711,10
2001,5880,Russia1711,10
2001,5880,Japan1712,10
2001,5880,India1712,10
2001,5880,Russia1712,10
2001,5880,China1712,10
2001,5880,USA1712,10
2001,5880,UK1712,10
2001,5880,Africa1712,10
2001,5880,Australia1712,10
2001,5880,America1712,10
2001,5880,Russia1712,10
2001,5880,Japan1713,10
2001,5880,India1713,10
2001,5880,Russia1713,10
2001,5880,China1713,10
2001,5880,USA1713,10
2001,5880,UK1713,10
2001,5880,Africa1713,10
2001,5880,Australia1713,10
2001,5880,America1713,10
2001,5880,Russia1713,10
2001,5880,Japan1714,10
2001,5880,India1714,10
2001,5880,Russia1714,10
2001,5880,China1714,10
2001,5880,USA1714,10
2001,5880,UK1714,10
2001,5880,Africa1714,10
2001,5880,Australia1714,10
2001,5880,America1714,10
2001,5880,Russia1714,10
2001,5880,Japan1715,10
2001,5880,India1715,10
2001,5880,Russia1715,10
2001,5880,China1715,10
2001,5880,USA1715,10
2001,5880,UK1715,10
2001,5880,Africa1715,10
2001,5880,Australia1715,10
2001,5880,America1715,10
2001,5880,Russia1715,10
2001,5880,Japan1716,10
2001,5880,India1716,10
2001,5880,Russia1716,10
2001,5880,China1716,10
2001,5880,USA1716,10
2001,5880,UK1716,10
2001,5880,Africa1716,10
2001,5880,Australia1716,10
2001,5880,America1716,10
2001,5880,Russia1716,10
2001,5880,Japan1717,10
2001,5880,India1717,10
2001,5880,Russia1717,10
2001,5880,China1717,10
2001,5880,USA1717,10
2001,5880,UK1717,10
2001,5880,Africa1717,10
2001,5880,Australia1717,10
2001,5880,America1717,10
2001,5880,Russia1717,10
2001,5880,Japan1718,10
2001,5880,India1718,10
2001,5880,Russia1718,10
2001,5880,China1718,10
2001,5880,USA1718,10
2001,5880,UK1718,10
2001,5880,Africa1718,10
2001,5880,Australia1718,10
2001,5880,America1718,10
2001,5880,Russia1718,10
2001,5880,Japan1719,10
2001,5880,India1719,10
2001,5880,Russia1719,10
2001,5880,China1719,10
2001,5880,USA1719,10
2001,5880,UK1719,10
2001,5880,Africa1719,10
2001,5880,Australia1719,10
2001,5880,America1719,10
2001,5880,Russia1719,10
2001,5880,Japan1720,10
2001,5880,India1720,10
2001,5880,Russia1720,10
2001,5880,China1720,10
2001,5880,USA1720,10
2001,5880,UK1720,10
2001,5880,Africa1720,10
2001,5880,Australia1720,10
2001,5880,America1720,10
2001,5880,Russia1720,10
2001,5880,Japan1721,10
2001,5880,India1721,10
2001,5880,Russia1721,10
2001,5880,China1721,10
2001,5880,USA1721,10
2001,5880,UK1721,10
2001,5880,Africa1721,10
2001,5880,Australia1721,10
2001,5880,America1721,10
2001,5880,Russia1721,10
2001,5880,Japan1722,10
2001,5880,India1722,10
2001,5880,Russia1722,10
2001,5880,China1722,10
2001,5880,USA1722,10
2001,5880,UK1722,10
2001,5880,Africa1722,10
2001,5880,Australia1722,10
2001,5880,America1722,10
2001,5880,Russia1722,10
2001,5880,Japan1723,10
2001,5880,India1723,10
2001,5880,Russia1723,10
2001,5880,China1723,10
2001,5880,USA1723,10
2001,5880,UK1723,10
2001,5880,Africa1723,10
2001,5880,Australia1723,10
2001,5880,America1723,10
2001,5880,Russia1723,10
2001,5880,Japan1724,10
2001,5880,India1724,10
2001,5880,Russia1724,10
2001,5880,China1724,10
2001,5880,USA1724,10
2001,5880,UK1724,10
2001,5880,Africa1724,10
2001,5880,Australia1724,10
2001,5880,America1724,10
2001,5880,Russia1724,10
2001,5880,Japan1725,10
2001,5880,India1725,10
2001,5880,Russia1725,10
2001,5880,China1725,10
2001,5880,USA1725,10
2001,5880,UK1725,10
2001,5880,Africa1725,10
2001,5880,Australia1725,10
2001,5880,America1725,10
2001,5880,Russia1725,10
2001,5880,Japan1726,10
2001,5880,India1726,10
2001,5880,Russia1726,10
2001,5880,China1726,10
2001,5880,USA1726,10
2001,5880,UK1726,10
2001,5880,Africa1726,10
2001,5880,Australia1726,10
2001,5880,America1726,10
2001,5880,Russia1726,10
2001,5880,Japan1727,10
2001,5880,India1727,10
2001,5880,Russia1727,10
2001,5880,China1727,10
2001,5880,USA1727,10
2001,5880,UK1727,10
2001,5880,Africa1727,10
2001,5880,Australia1727,10
2001,5880,America1727,10
2001,5880,Russia1727,10
2001,5880,Japan1728,10
2001,5880,India1728,10
2001,5880,Russia1728,10
2001,5880,China1728,10
2001,5880,USA1728,10
2001,5880,UK1728,10
2001,5880,Africa1728,10
2001,5880,Australia1728,10
2001,5880,America1728,10
2001,5880,Russia1728,10
2001,5880,Japan1729,10
2001,5880,India1729,10
2001,5880,Russia1729,10
2001,5880,China1729,10
2001,5880,USA1729,10
2001,5880,UK1729,10
2001,5880,Africa1729,10
2001,5880,Australia1729,10
2001,5880,America1729,10
2001,5880,Russia1729,10
2001,5880,Japan1730,10
2001,5880,India1730,10
2001,5880,Russia1730,10
2001,5880,China1730,10
2001,5880,USA1730,10
2001,5880,UK1730,10
2001,5880,Africa1730,10
2001,5880,Australia1730,10
2001,5880,America1730,10
2001,5880,Russia1730,10
2001,5880,Japan1731,10
2001,5880,India1731,10
2001,5880,Russia1731,10
2001,5880,China1731,10
2001,5880,USA1731,10
2001,5880,UK1731,10
2001,5880,Africa1731,10
2001,5880,Australia1731,10
2001,5880,America1731,10
2001,5880,Russia1731,10
2001,5880,Japan1732,10
2001,5880,India1732,10
2001,5880,Russia1732,10
2001,5880,China1732,10
2001,5880,USA1732,10
2001,5880,UK1732,10
2001,5880,Africa1732,10
2001,5880,Australia1732,10
2001,5880,America1732,10
2001,5880,Russia1732,10
2001,5880,Japan1733,10
2001,5880,India1733,10
2001,5880,Russia1733,10
2001,5880,China1733,10
2001,5880,USA1733,10
2001,5880,UK1733,10
2001,5880,Africa1733,10
2001,5880,Australia1733,10
2001,5880,America1733,10
2001,5880,Russia1733,10
2001,5880,Japan1734,10
2001,5880,India1734,10
2001,5880,Russia1734,10
2001,5880,China1734,10
2001,5880,USA1734,10
2001,5880,UK1734,10
2001,5880,Africa1734,10
2001,5880,Australia1734,10
2001,5880,America1734,10
2001,5880,Russia1734,10
2001,5880,Japan1735,10
2001,5880,India1735,10
2001,5880,Russia1735,10
2001,5880,China1735,10
2001,5880,USA1735,10
2001,5880,UK1735,10
2001,5880,Africa1735,10
2001,5880,Australia1735,10
2001,5880,America1735,10
2001,5880,Russia1735,10
2001,5880,Japan1736,10
2001,5880,India1736,10
2001,5880,Russia1736,10
2001,5880,China1736,10
2001,5880,USA1736,10
2001,5880,UK1736,10
2001,5880,Africa1736,10
2001,5880,Australia1736,10
2001,5880,America1736,10
2001,5880,Russia1736,10
2001,5880,Japan1737,10
2001,5880,India1737,10
2001,5880,Russia1737,10
2001,5880,China1737,10
2001,5880,USA1737,10
2001,5880,UK1737,10
2001,5880,Africa1737,10
2001,5880,Australia1737,10
2001,5880,America1737,10
2001,5880,Russia1737,10
2001,5880,Japan1738,10
2001,5880,India1738,10
2001,5880,Russia1738,10
2001,5880,China1738,10
2001,5880,USA1738,10
2001,5880,UK1738,10
2001,5880,Africa1738,10
2001,5880,Australia1738,10
2001,5880,America1738,10
2001,5880,Russia1738,10
2001,5880,Japan1739,10
2001,5880,India1739,10
2001,5880,Russia1739,10
2001,5880,China1739,10
2001,5880,USA1739,10
2001,5880,UK1739,10
2001,5880,Africa1739,10
2001,5880,Australia1739,10
2001,5880,America1739,10
2001,5880,Russia1739,10
2001,5880,Japan1740,10
2001,5880,India1740,10
2001,5880,Russia1740,10
2001,5880,China1740,10
2001,5880,USA1740,10
2001,5880,UK1740,10
2001,5880,Africa1740,10
2001,5880,Australia1740,10
2001,5880,America1740,10
2001,5880,Russia1740,10
2001,5880,Japan1741,10
2001,5880,India1741,10
2001,5880,Russia1741,10
2001,5880,China1741,10
2001,5880,USA1741,10
2001,5880,UK1741,10
2001,5880,Africa1741,10
2001,5880,Australia1741,10
2001,5880,America1741,10
2001,5880,Russia1741,10
2001,5880,Japan1742,10
2001,5880,India1742,10
2001,5880,Russia1742,10
2001,5880,China1742,10
2001,5880,USA1742,10
2001,5880,UK1742,10
2001,5880,Africa1742,10
2001,5880,Australia1742,10
2001,5880,America1742,10
2001,5880,Russia1742,10
2001,5880,Japan1743,10
2001,5880,India1743,10
2001,5880,Russia1743,10
2001,5880,China1743,10
2001,5880,USA1743,10
2001,5880,UK1743,10
2001,5880,Africa1743,10
2001,5880,Australia1743,10
2001,5880,America1743,10
2001,5880,Russia1743,10
2001,5880,Japan1744,10
2001,5880,India1744,10
2001,5880,Russia1744,10
2001,5880,China1744,10
2001,5880,USA1744,10
2001,5880,UK1744,10
2001,5880,Africa1744,10
2001,5880,Australia1744,10
2001,5880,America1744,10
2001,5880,Russia1744,10
2001,5880,Japan1745,10
2001,5880,India1745,10
2001,5880,Russia1745,10
2001,5880,China1745,10
2001,5880,USA1745,10
2001,5880,UK1745,10
2001,5880,Africa1745,10
2001,5880,Australia1745,10
2001,5880,America1745,10
2001,5880,Russia1745,10
2001,5880,Japan1746,10
2001,5880,India1746,10
2001,5880,Russia1746,10
2001,5880,China1746,10
2001,5880,USA1746,10
2001,5880,UK1746,10
2001,5880,Africa1746,10
2001,5880,Australia1746,10
2001,5880,America1746,10
2001,5880,Russia1746,10
2001,5880,Japan1747,10
2001,5880,India1747,10
2001,5880,Russia1747,10
2001,5880,China1747,10
2001,5880,USA1747,10
2001,5880,UK1747,10
2001,5880,Africa1747,10
2001,5880,Australia1747,10
2001,5880,America1747,10
2001,5880,Russia1747,10
2001,5880,Japan1748,10
2001,5880,India1748,10
2001,5880,Russia1748,10
2001,5880,China1748,10
2001,5880,USA1748,10
2001,5880,UK1748,10
2001,5880,Africa1748,10
2001,5880,Australia1748,10
2001,5880,America1748,10
2001,5880,Russia1748,10
2001,5880,Japan1749,10
2001,5880,India1749,10
2001,5880,Russia1749,10
2001,5880,China1749,10
2001,5880,USA1749,10
2001,5880,UK1749,10
2001,5880,Africa1749,10
2001,5880,Australia1749,10
2001,5880,America1749,10
2001,5880,Russia1749,10
2001,5880,Japan1750,10
2001,5880,India1750,10
2001,5880,Russia1750,10
2001,5880,China1750,10
2001,5880,USA1750,10
2001,5880,UK1750,10
2001,5880,Africa1750,10
2001,5880,Australia1750,10
2001,5880,America1750,10
2001,5880,Russia1750,10
2001,5880,Japan1751,10
2001,5880,India1751,10
2001,5880,Russia1751,10
2001,5880,China1751,10
2001,5880,USA1751,10
2001,5880,UK1751,10
2001,5880,Africa1751,10
2001,5880,Australia1751,10
2001,5880,America1751,10
2001,5880,Russia1751,10
2001,5880,Japan1752,10
2001,5880,India1752,10
2001,5880,Russia1752,10
2001,5880,China1752,10
2001,5880,USA1752,10
2001,5880,UK1752,10
2001,5880,Africa1752,10
2001,5880,Australia1752,10
2001,5880,America1752,10
2001,5880,Russia1752,10
2001,5880,Japan1753,10
2001,5880,India1753,10
2001,5880,Russia1753,10
2001,5880,China1753,10
2001,5880,USA1753,10
2001,5880,UK1753,10
2001,5880,Africa1753,10
2001,5880,Australia1753,10
2001,5880,America1753,10
2001,5880,Russia1753,10
2001,5880,Japan1754,10
2001,5880,India1754,10
2001,5880,Russia1754,10
2001,5880,China1754,10
2001,5880,USA1754,10
2001,5880,UK1754,10
2001,5880,Africa1754,10
2001,5880,Australia1754,10
2001,5880,America1754,10
2001,5880,Russia1754,10
2001,5880,Japan1755,10
2001,5880,India1755,10
2001,5880,Russia1755,10
2001,5880,China1755,10
2001,5880,USA1755,10
2001,5880,UK1755,10
2001,5880,Africa1755,10
2001,5880,Australia1755,10
2001,5880,America1755,10
2001,5880,Russia1755,10
2001,5880,Japan1756,10
2001,5880,India1756,10
2001,5880,Russia1756,10
2001,5880,China1756,10
2001,5880,USA1756,10
2001,5880,UK1756,10
2001,5880,Africa1756,10
2001,5880,Australia1756,10
2001,5880,America1756,10
2001,5880,Russia1756,10
2001,5880,Japan1757,10
2001,5880,India1757,10
2001,5880,Russia1757,10
2001,5880,China1757,10
2001,5880,USA1757,10
2001,5880,UK1757,10
2001,5880,Africa1757,10
2001,5880,Australia1757,10
2001,5880,America1757,10
2001,5880,Russia1757,10
2001,5880,Japan1758,10
2001,5880,India1758,10
2001,5880,Russia1758,10
2001,5880,China1758,10
2001,5880,USA1758,10
2001,5880,UK1758,10
2001,5880,Africa1758,10
2001,5880,Australia1758,10
2001,5880,America1758,10
2001,5880,Russia1758,10
2001,5880,Japan1759,10
2001,5880,India1759,10
2001,5880,Russia1759,10
2001,5880,China1759,10
2001,5880,USA1759,10
2001,5880,UK1759,10
2001,5880,Africa1759,10
2001,5880,Australia1759,10
2001,5880,America1759,10
2001,5880,Russia1759,10
2001,5880,Japan1760,10
2001,5880,India1760,10
2001,5880,Russia1760,10
2001,5880,China1760,10
2001,5880,USA1760,10
2001,5880,UK1760,10
2001,5880,Africa1760,10
2001,5880,Australia1760,10
2001,5880,America1760,10
2001,5880,Russia1760,10
2001,5880,Japan1761,10
2001,5880,India1761,10
2001,5880,Russia1761,10
2001,5880,China1761,10
2001,5880,USA1761,10
2001,5880,UK1761,10
2001,5880,Africa1761,10
2001,5880,Australia1761,10
2001,5880,America1761,10
2001,5880,Russia1761,10
2001,5880,Japan1762,10
2001,5880,India1762,10
2001,5880,Russia1762,10
2001,5880,China1762,10
2001,5880,USA1762,10
2001,5880,UK1762,10
2001,5880,Africa1762,10
2001,5880,Australia1762,10
2001,5880,America1762,10
2001,5880,Russia1762,10
2001,5880,Japan1763,10
2001,5880,India1763,10
2001,5880,Russia1763,10
2001,5880,China1763,10
2001,5880,USA1763,10
2001,5880,UK1763,10
2001,5880,Africa1763,10
2001,5880,Australia1763,10
2001,5880,America1763,10
2001,5880,Russia1763,10
2001,5880,Japan1764,10
2001,5880,India1764,10
2001,5880,Russia1764,10
2001,5880,China1764,10
2001,5880,USA1764,10
2001,5880,UK1764,10
2001,5880,Africa1764,10
2001,5880,Australia1764,10
2001,5880,America1764,10
2001,5880,Russia1764,10
2001,5880,Japan1765,10
2001,5880,India1765,10
2001,5880,Russia1765,10
2001,5880,China1765,10
2001,5880,USA1765,10
2001,5880,UK1765,10
2001,5880,Africa1765,10
2001,5880,Australia1765,10
2001,5880,America1765,10
2001,5880,Russia1765,10
2001,5880,Japan1766,10
2001,5880,India1766,10
2001,5880,Russia1766,10
2001,5880,China1766,10
2001,5880,USA1766,10
2001,5880,UK1766,10
2001,5880,Africa1766,10
2001,5880,Australia1766,10
2001,5880,America1766,10
2001,5880,Russia1766,10
2001,5880,Japan1767,10
2001,5880,India1767,10
2001,5880,Russia1767,10
2001,5880,China1767,10
2001,5880,USA1767,10
2001,5880,UK1767,10
2001,5880,Africa1767,10
2001,5880,Australia1767,10
2001,5880,America1767,10
2001,5880,Russia1767,10
2001,5880,Japan1768,10
2001,5880,India1768,10
2001,5880,Russia1768,10
2001,5880,China1768,10
2001,5880,USA1768,10
2001,5880,UK1768,10
2001,5880,Africa1768,10
2001,5880,Australia1768,10
2001,5880,America1768,10
2001,5880,Russia1768,10
2001,5880,Japan1769,10
2001,5880,India1769,10
2001,5880,Russia1769,10
2001,5880,China1769,10
2001,5880,USA1769,10
2001,5880,UK1769,10
2001,5880,Africa1769,10
2001,5880,Australia1769,10
2001,5880,America1769,10
2001,5880,Russia1769,10
2001,5880,Japan1770,10
2001,5880,India1770,10
2001,5880,Russia1770,10
2001,5880,China1770,10
2001,5880,USA1770,10
2001,5880,UK1770,10
2001,5880,Africa1770,10
2001,5880,Australia1770,10
2001,5880,America1770,10
2001,5880,Russia1770,10
2001,5880,Japan1771,10
2001,5880,India1771,10
2001,5880,Russia1771,10
2001,5880,China1771,10
2001,5880,USA1771,10
2001,5880,UK1771,10
2001,5880,Africa1771,10
2001,5880,Australia1771,10
2001,5880,America1771,10
2001,5880,Russia1771,10
2001,5880,Japan1772,10
2001,5880,India1772,10
2001,5880,Russia1772,10
2001,5880,China1772,10
2001,5880,USA1772,10
2001,5880,UK1772,10
2001,5880,Africa1772,10
2001,5880,Australia1772,10
2001,5880,America1772,10
2001,5880,Russia1772,10
2001,5880,Japan1773,10
2001,5880,India1773,10
2001,5880,Russia1773,10
2001,5880,China1773,10
2001,5880,USA1773,10
2001,5880,UK1773,10
2001,5880,Africa1773,10
2001,5880,Australia1773,10
2001,5880,America1773,10
2001,5880,Russia1773,10
2001,5880,Japan1774,10
2001,5880,India1774,10
2001,5880,Russia1774,10
2001,5880,China1774,10
2001,5880,USA1774,10
2001,5880,UK1774,10
2001,5880,Africa1774,10
2001,5880,Australia1774,10
2001,5880,America1774,10
2001,5880,Russia1774,10
2001,5880,Japan1775,10
2001,5880,India1775,10
2001,5880,Russia1775,10
2001,5880,China1775,10
2001,5880,USA1775,10
2001,5880,UK1775,10
2001,5880,Africa1775,10
2001,5880,Australia1775,10
2001,5880,America1775,10
2001,5880,Russia1775,10
2001,5880,Japan1776,10
2001,5880,India1776,10
2001,5880,Russia1776,10
2001,5880,China1776,10
2001,5880,USA1776,10
2001,5880,UK1776,10
2001,5880,Africa1776,10
2001,5880,Australia1776,10
2001,5880,America1776,10
2001,5880,Russia1776,10
2001,5880,Japan1777,10
2001,5880,India1777,10
2001,5880,Russia1777,10
2001,5880,China1777,10
2001,5880,USA1777,10
2001,5880,UK1777,10
2001,5880,Africa1777,10
2001,5880,Australia1777,10
2001,5880,America1777,10
2001,5880,Russia1777,10
2001,5880,Japan1778,10
2001,5880,India1778,10
2001,5880,Russia1778,10
2001,5880,China1778,10
2001,5880,USA1778,10
2001,5880,UK1778,10
2001,5880,Africa1778,10
2001,5880,Australia1778,10
2001,5880,America1778,10
2001,5880,Russia1778,10
2001,5880,Japan1779,10
2001,5880,India1779,10
2001,5880,Russia1779,10
2001,5880,China1779,10
2001,5880,USA1779,10
2001,5880,UK1779,10
2001,5880,Africa1779,10
2001,5880,Australia1779,10
2001,5880,America1779,10
2001,5880,Russia1779,10
2001,5880,Japan1780,10
2001,5880,India1780,10
2001,5880,Russia1780,10
2001,5880,China1780,10
2001,5880,USA1780,10
2001,5880,UK1780,10
2001,5880,Africa1780,10
2001,5880,Australia1780,10
2001,5880,America1780,10
2001,5880,Russia1780,10
2001,5880,Japan1781,10
2001,5880,India1781,10
2001,5880,Russia1781,10
2001,5880,China1781,10
2001,5880,USA1781,10
2001,5880,UK1781,10
2001,5880,Africa1781,10
2001,5880,Australia1781,10
2001,5880,America1781,10
2001,5880,Russia1781,10
2001,5880,Japan1782,10
2001,5880,India1782,10
2001,5880,Russia1782,10
2001,5880,China1782,10
2001,5880,USA1782,10
2001,5880,UK1782,10
2001,5880,Africa1782,10
2001,5880,Australia1782,10
2001,5880,America1782,10
2001,5880,Russia1782,10
2001,5880,Japan1783,10
2001,5880,India1783,10
2001,5880,Russia1783,10
2001,5880,China1783,10
2001,5880,USA1783,10
2001,5880,UK1783,10
2001,5880,Africa1783,10
2001,5880,Australia1783,10
2001,5880,America1783,10
2001,5880,Russia1783,10
2001,5880,Japan1784,10
2001,5880,India1784,10
2001,5880,Russia1784,10
2001,5880,China1784,10
2001,5880,USA1784,10
2001,5880,UK1784,10
2001,5880,Africa1784,10
2001,5880,Australia1784,10
2001,5880,America1784,10
2001,5880,Russia1784,10
2001,5880,Japan1785,10
2001,5880,India1785,10
2001,5880,Russia1785,10
2001,5880,China1785,10
2001,5880,USA1785,10
2001,5880,UK1785,10
2001,5880,Africa1785,10
2001,5880,Australia1785,10
2001,5880,America1785,10
2001,5880,Russia1785,10
2001,5880,Japan1786,10
2001,5880,India1786,10
2001,5880,Russia1786,10
2001,5880,China1786,10
2001,5880,USA1786,10
2001,5880,UK1786,10
2001,5880,Africa1786,10
2001,5880,Australia1786,10
2001,5880,America1786,10
2001,5880,Russia1786,10
2001,5880,Japan1787,10
2001,5880,India1787,10
2001,5880,Russia1787,10
2001,5880,China1787,10
2001,5880,USA1787,10
2001,5880,UK1787,10
2001,5880,Africa1787,10
2001,5880,Australia1787,10
2001,5880,America1787,10
2001,5880,Russia1787,10
2001,5880,Japan1788,10
2001,5880,India1788,10
2001,5880,Russia1788,10
2001,5880,China1788,10
2001,5880,USA1788,10
2001,5880,UK1788,10
2001,5880,Africa1788,10
2001,5880,Australia1788,10
2001,5880,America1788,10
2001,5880,Russia1788,10
2001,5880,Japan1789,10
2001,5880,India1789,10
2001,5880,Russia1789,10
2001,5880,China1789,10
2001,5880,USA1789,10
2001,5880,UK1789,10
2001,5880,Africa1789,10
2001,5880,Australia1789,10
2001,5880,America1789,10
2001,5880,Russia1789,10
2001,5880,Japan1790,10
2001,5880,India1790,10
2001,5880,Russia1790,10
2001,5880,China1790,10
2001,5880,USA1790,10
2001,5880,UK1790,10
2001,5880,Africa1790,10
2001,5880,Australia1790,10
2001,5880,America1790,10
2001,5880,Russia1790,10
2001,5880,Japan1791,10
2001,5880,India1791,10
2001,5880,Russia1791,10
2001,5880,China1791,10
2001,5880,USA1791,10
2001,5880,UK1791,10
2001,5880,Africa1791,10
2001,5880,Australia1791,10
2001,5880,America1791,10
2001,5880,Russia1791,10
2001,5880,Japan1792,10
2001,5880,India1792,10
2001,5880,Russia1792,10
2001,5880,China1792,10
2001,5880,USA1792,10
2001,5880,UK1792,10
2001,5880,Africa1792,10
2001,5880,Australia1792,10
2001,5880,America1792,10
2001,5880,Russia1792,10
2001,5880,Japan1793,10
2001,5880,India1793,10
2001,5880,Russia1793,10
2001,5880,China1793,10
2001,5880,USA1793,10
2001,5880,UK1793,10
2001,5880,Africa1793,10
2001,5880,Australia1793,10
2001,5880,America1793,10
2001,5880,Russia1793,10
2001,5880,Japan1794,10
2001,5880,India1794,10
2001,5880,Russia1794,10
2001,5880,China1794,10
2001,5880,USA1794,10
2001,5880,UK1794,10
2001,5880,Africa1794,10
2001,5880,Australia1794,10
2001,5880,America1794,10
2001,5880,Russia1794,10
2001,5880,Japan1795,10
2001,5880,India1795,10
2001,5880,Russia1795,10
2001,5880,China1795,10
2001,5880,USA1795,10
2001,5880,UK1795,10
2001,5880,Africa1795,10
2001,5880,Australia1795,10
2001,5880,America1795,10
2001,5880,Russia1795,10
2001,5880,Japan1796,10
2001,5880,India1796,10
2001,5880,Russia1796,10
2001,5880,China1796,10
2001,5880,USA1796,10
2001,5880,UK1796,10
2001,5880,Africa1796,10
2001,5880,Australia1796,10
2001,5880,America1796,10
2001,5880,Russia1796,10
2001,5880,Japan1797,10
2001,5880,India1797,10
2001,5880,Russia1797,10
2001,5880,China1797,10
2001,5880,USA1797,10
2001,5880,UK1797,10
2001,5880,Africa1797,10
2001,5880,Australia1797,10
2001,5880,America1797,10
2001,5880,Russia1797,10
2001,5880,Japan1798,10
2001,5880,India1798,10
2001,5880,Russia1798,10
2001,5880,China1798,10
2001,5880,USA1798,10
2001,5880,UK1798,10
2001,5880,Africa1798,10
2001,5880,Australia1798,10
2001,5880,America1798,10
2001,5880,Russia1798,10
2001,5880,Japan1799,10
2001,5880,India1799,10
2001,5880,Russia1799,10
2001,5880,China1799,10
2001,5880,USA1799,10
2001,5880,UK1799,10
2001,5880,Africa1799,10
2001,5880,Australia1799,10
2001,5880,America1799,10
2001,5880,Russia1799,10
2001,5880,Japan1800,10
2001,5880,India1800,10
2001,5880,Russia1800,10
2001,5880,China1800,10
2001,5880,USA1800,10
2001,5880,UK1800,10
2001,5880,Africa1800,10
2001,5880,Australia1800,10
2001,5880,America1800,10
2001,5880,Russia1800,10
2001,5880,Japan1801,10
2001,5880,India1801,10
2001,5880,Russia1801,10
2001,5880,China1801,10
2001,5880,USA1801,10
2001,5880,UK1801,10
2001,5880,Africa1801,10
2001,5880,Australia1801,10
2001,5880,America1801,10
2001,5880,Russia1801,10
2001,5880,Japan1802,10
2001,5880,India1802,10
2001,5880,Russia1802,10
2001,5880,China1802,10
2001,5880,USA1802,10
2001,5880,UK1802,10
2001,5880,Africa1802,10
2001,5880,Australia1802,10
2001,5880,America1802,10
2001,5880,Russia1802,10
2001,5880,Japan1803,10
2001,5880,India1803,10
2001,5880,Russia1803,10
2001,5880,China1803,10
2001,5880,USA1803,10
2001,5880,UK1803,10
2001,5880,Africa1803,10
2001,5880,Australia1803,10
2001,5880,America1803,10
2001,5880,Russia1803,10
2001,5880,Japan1804,10
2001,5880,India1804,10
2001,5880,Russia1804,10
2001,5880,China1804,10
2001,5880,USA1804,10
2001,5880,UK1804,10
2001,5880,Africa1804,10
2001,5880,Australia1804,10
2001,5880,America1804,10
2001,5880,Russia1804,10
2001,5880,Japan1805,10
2001,5880,India1805,10
2001,5880,Russia1805,10
2001,5880,China1805,10
2001,5880,USA1805,10
2001,5880,UK1805,10
2001,5880,Africa1805,10
2001,5880,Australia1805,10
2001,5880,America1805,10
2001,5880,Russia1805,10
2001,5880,Japan1806,10
2001,5880,India1806,10
2001,5880,Russia1806,10
2001,5880,China1806,10
2001,5880,USA1806,10
2001,5880,UK1806,10
2001,5880,Africa1806,10
2001,5880,Australia1806,10
2001,5880,America1806,10
2001,5880,Russia1806,10
2001,5880,Japan1807,10
2001,5880,India1807,10
2001,5880,Russia1807,10
2001,5880,China1807,10
2001,5880,USA1807,10
2001,5880,UK1807,10
2001,5880,Africa1807,10
2001,5880,Australia1807,10
2001,5880,America1807,10
2001,5880,Russia1807,10
2001,5880,Japan1808,10
2001,5880,India1808,10
2001,5880,Russia1808,10
2001,5880,China1808,10
2001,5880,USA1808,10
2001,5880,UK1808,10
2001,5880,Africa1808,10
2001,5880,Australia1808,10
2001,5880,America1808,10
2001,5880,Russia1808,10
2001,5880,Japan1809,10
2001,5880,India1809,10
2001,5880,Russia1809,10
2001,5880,China1809,10
2001,5880,USA1809,10
2001,5880,UK1809,10
2001,5880,Africa1809,10
2001,5880,Australia1809,10
2001,5880,America1809,10
2001,5880,Russia1809,10
2001,5880,Japan1810,10
2001,5880,India1810,10
2001,5880,Russia1810,10
2001,5880,China1810,10
2001,5880,USA1810,10
2001,5880,UK1810,10
2001,5880,Africa1810,10
2001,5880,Australia1810,10
2001,5880,America1810,10
2001,5880,Russia1810,10
2001,5880,Japan1811,10
2001,5880,India1811,10
2001,5880,Russia1811,10
2001,5880,China1811,10
2001,5880,USA1811,10
2001,5880,UK1811,10
2001,5880,Africa1811,10
2001,5880,Australia1811,10
2001,5880,America1811,10
2001,5880,Russia1811,10
2001,5880,Japan1812,10
2001,5880,India1812,10
2001,5880,Russia1812,10
2001,5880,China1812,10
2001,5880,USA1812,10
2001,5880,UK1812,10
2001,5880,Africa1812,10
2001,5880,Australia1812,10
2001,5880,America1812,10
2001,5880,Russia1812,10
2001,5880,Japan1813,10
2001,5880,India1813,10
2001,5880,Russia1813,10
2001,5880,China1813,10
2001,5880,USA1813,10
2001,5880,UK1813,10
2001,5880,Africa1813,10
2001,5880,Australia1813,10
2001,5880,America1813,10
2001,5880,Russia1813,10
2001,5880,Japan1814,10
2001,5880,India1814,10
2001,5880,Russia1814,10
2001,5880,China1814,10
2001,5880,USA1814,10
2001,5880,UK1814,10
2001,5880,Africa1814,10
2001,5880,Australia1814,10
2001,5880,America1814,10
2001,5880,Russia1814,10
2001,5880,Japan1815,10
2001,5880,India1815,10
2001,5880,Russia1815,10
2001,5880,China1815,10
2001,5880,USA1815,10
2001,5880,UK1815,10
2001,5880,Africa1815,10
2001,5880,Australia1815,10
2001,5880,America1815,10
2001,5880,Russia1815,10
2001,5880,Japan1816,10
2001,5880,India1816,10
2001,5880,Russia1816,10
2001,5880,China1816,10
2001,5880,USA1816,10
2001,5880,UK1816,10
2001,5880,Africa1816,10
2001,5880,Australia1816,10
2001,5880,America1816,10
2001,5880,Russia1816,10
2001,5880,Japan1817,10
2001,5880,India1817,10
2001,5880,Russia1817,10
2001,5880,China1817,10
2001,5880,USA1817,10
2001,5880,UK1817,10
2001,5880,Africa1817,10
2001,5880,Australia1817,10
2001,5880,America1817,10
2001,5880,Russia1817,10
2001,5880,Japan1818,10
2001,5880,India1818,10
2001,5880,Russia1818,10
2001,5880,China1818,10
2001,5880,USA1818,10
2001,5880,UK1818,10
2001,5880,Africa1818,10
2001,5880,Australia1818,10
2001,5880,America1818,10
2001,5880,Russia1818,10
2001,5880,Japan1819,10
2001,5880,India1819,10
2001,5880,Russia1819,10
2001,5880,China1819,10
2001,5880,USA1819,10
2001,5880,UK1819,10
2001,5880,Africa1819,10
2001,5880,Australia1819,10
2001,5880,America1819,10
2001,5880,Russia1819,10
2001,5880,Japan1820,10
2001,5880,India1820,10
2001,5880,Russia1820,10
2001,5880,China1820,10
2001,5880,USA1820,10
2001,5880,UK1820,10
2001,5880,Africa1820,10
2001,5880,Australia1820,10
2001,5880,America1820,10
2001,5880,Russia1820,10
2001,5880,Japan1821,10
2001,5880,India1821,10
2001,5880,Russia1821,10
2001,5880,China1821,10
2001,5880,USA1821,10
2001,5880,UK1821,10
2001,5880,Africa1821,10
2001,5880,Australia1821,10
2001,5880,America1821,10
2001,5880,Russia1821,10
2001,5880,Japan1822,10
2001,5880,India1822,10
2001,5880,Russia1822,10
2001,5880,China1822,10
2001,5880,USA1822,10
2001,5880,UK1822,10
2001,5880,Africa1822,10
2001,5880,Australia1822,10
2001,5880,America1822,10
2001,5880,Russia1822,10
2001,5880,Japan1823,10
2001,5880,India1823,10
2001,5880,Russia1823,10
2001,5880,China1823,10
2001,5880,USA1823,10
2001,5880,UK1823,10
2001,5880,Africa1823,10
2001,5880,Australia1823,10
2001,5880,America1823,10
2001,5880,Russia1823,10
2001,5880,Japan1824,10
2001,5880,India1824,10
2001,5880,Russia1824,10
2001,5880,China1824,10
2001,5880,USA1824,10
2001,5880,UK1824,10
2001,5880,Africa1824,10
2001,5880,Australia1824,10
2001,5880,America1824,10
2001,5880,Russia1824,10
2001,5880,Japan1825,10
2001,5880,India1825,10
2001,5880,Russia1825,10
2001,5880,China1825,10
2001,5880,USA1825,10
2001,5880,UK1825,10
2001,5880,Africa1825,10
2001,5880,Australia1825,10
2001,5880,America1825,10
2001,5880,Russia1825,10
2001,5880,Japan1826,10
2001,5880,India1826,10
2001,5880,Russia1826,10
2001,5880,China1826,10
2001,5880,USA1826,10
2001,5880,UK1826,10
2001,5880,Africa1826,10
2001,5880,Australia1826,10
2001,5880,America1826,10
2001,5880,Russia1826,10
2001,5880,Japan1827,10
2001,5880,India1827,10
2001,5880,Russia1827,10
2001,5880,China1827,10
2001,5880,USA1827,10
2001,5880,UK1827,10
2001,5880,Africa1827,10
2001,5880,Australia1827,10
2001,5880,America1827,10
2001,5880,Russia1827,10
2001,5880,Japan1828,10
2001,5880,India1828,10
2001,5880,Russia1828,10
2001,5880,China1828,10
2001,5880,USA1828,10
2001,5880,UK1828,10
2001,5880,Africa1828,10
2001,5880,Australia1828,10
2001,5880,America1828,10
2001,5880,Russia1828,10
2001,5880,Japan1829,10
2001,5880,India1829,10
2001,5880,Russia1829,10
2001,5880,China1829,10
2001,5880,USA1829,10
2001,5880,UK1829,10
2001,5880,Africa1829,10
2001,5880,Australia1829,10
2001,5880,America1829,10
2001,5880,Russia1829,10
2001,5880,Japan1830,10
2001,5880,India1830,10
2001,5880,Russia1830,10
2001,5880,China1830,10
2001,5880,USA1830,10
2001,5880,UK1830,10
2001,5880,Africa1830,10
2001,5880,Australia1830,10
2001,5880,America1830,10
2001,5880,Russia1830,10
2001,5880,Japan1831,10
2001,5880,India1831,10
2001,5880,Russia1831,10
2001,5880,China1831,10
2001,5880,USA1831,10
2001,5880,UK1831,10
2001,5880,Africa1831,10
2001,5880,Australia1831,10
2001,5880,America1831,10
2001,5880,Russia1831,10
2001,5880,Japan1832,10
2001,5880,India1832,10
2001,5880,Russia1832,10
2001,5880,China1832,10
2001,5880,USA1832,10
2001,5880,UK1832,10
2001,5880,Africa1832,10
2001,5880,Australia1832,10
2001,5880,America1832,10
2001,5880,Russia1832,10
2001,5880,Japan1833,10
2001,5880,India1833,10
2001,5880,Russia1833,10
2001,5880,China1833,10
2001,5880,USA1833,10
2001,5880,UK1833,10
2001,5880,Africa1833,10
2001,5880,Australia1833,10
2001,5880,America1833,10
2001,5880,Russia1833,10
2001,5880,Japan1834,10
2001,5880,India1834,10
2001,5880,Russia1834,10
2001,5880,China1834,10
2001,5880,USA1834,10
2001,5880,UK1834,10
2001,5880,Africa1834,10
2001,5880,Australia1834,10
2001,5880,America1834,10
2001,5880,Russia1834,10
2001,5880,Japan1835,10
2001,5880,India1835,10
2001,5880,Russia1835,10
2001,5880,China1835,10
2001,5880,USA1835,10
2001,5880,UK1835,10
2001,5880,Africa1835,10
2001,5880,Australia1835,10
2001,5880,America1835,10
2001,5880,Russia1835,10
2001,5880,Japan1836,10
2001,5880,India1836,10
2001,5880,Russia1836,10
2001,5880,China1836,10
2001,5880,USA1836,10
2001,5880,UK1836,10
2001,5880,Africa1836,10
2001,5880,Australia1836,10
2001,5880,America1836,10
2001,5880,Russia1836,10
2001,5880,Japan1837,10
2001,5880,India1837,10
2001,5880,Russia1837,10
2001,5880,China1837,10
2001,5880,USA1837,10
2001,5880,UK1837,10
2001,5880,Africa1837,10
2001,5880,Australia1837,10
2001,5880,America1837,10
2001,5880,Russia1837,10
2001,5880,Japan1838,10
2001,5880,India1838,10
2001,5880,Russia1838,10
2001,5880,China1838,10
2001,5880,USA1838,10
2001,5880,UK1838,10
2001,5880,Africa1838,10
2001,5880,Australia1838,10
2001,5880,America1838,10
2001,5880,Russia1838,10
2001,5880,Japan1839,10
2001,5880,India1839,10
2001,5880,Russia1839,10
2001,5880,China1839,10
2001,5880,USA1839,10
2001,5880,UK1839,10
2001,5880,Africa1839,10
2001,5880,Australia1839,10
2001,5880,America1839,10
2001,5880,Russia1839,10
2001,5880,Japan1840,10
2001,5880,India1840,10
2001,5880,Russia1840,10
2001,5880,China1840,10
2001,5880,USA1840,10
2001,5880,UK1840,10
2001,5880,Africa1840,10
2001,5880,Australia1840,10
2001,5880,America1840,10
2001,5880,Russia1840,10
2001,5880,Japan1841,10
2001,5880,India1841,10
2001,5880,Russia1841,10
2001,5880,China1841,10
2001,5880,USA1841,10
2001,5880,UK1841,10
2001,5880,Africa1841,10
2001,5880,Australia1841,10
2001,5880,America1841,10
2001,5880,Russia1841,10
2001,5880,Japan1842,10
2001,5880,India1842,10
2001,5880,Russia1842,10
2001,5880,China1842,10
2001,5880,USA1842,10
2001,5880,UK1842,10
2001,5880,Africa1842,10
2001,5880,Australia1842,10
2001,5880,America1842,10
2001,5880,Russia1842,10
2001,5880,Japan1843,10
2001,5880,India1843,10
2001,5880,Russia1843,10
2001,5880,China1843,10
2001,5880,USA1843,10
2001,5880,UK1843,10
2001,5880,Africa1843,10
2001,5880,Australia1843,10
2001,5880,America1843,10
2001,5880,Russia1843,10
2001,5880,Japan1844,10
2001,5880,India1844,10
2001,5880,Russia1844,10
2001,5880,China1844,10
2001,5880,USA1844,10
2001,5880,UK1844,10
2001,5880,Africa1844,10
2001,5880,Australia1844,10
2001,5880,America1844,10
2001,5880,Russia1844,10
2001,5880,Japan1845,10
2001,5880,India1845,10
2001,5880,Russia1845,10
2001,5880,China1845,10
2001,5880,USA1845,10
2001,5880,UK1845,10
2001,5880,Africa1845,10
2001,5880,Australia1845,10
2001,5880,America1845,10
2001,5880,Russia1845,10
2001,5880,Japan1846,10
2001,5880,India1846,10
2001,5880,Russia1846,10
2001,5880,China1846,10
2001,5880,USA1846,10
2001,5880,UK1846,10
2001,5880,Africa1846,10
2001,5880,Australia1846,10
2001,5880,America1846,10
2001,5880,Russia1846,10
2001,5880,Japan1847,10
2001,5880,India1847,10
2001,5880,Russia1847,10
2001,5880,China1847,10
2001,5880,USA1847,10
2001,5880,UK1847,10
2001,5880,Africa1847,10
2001,5880,Australia1847,10
2001,5880,America1847,10
2001,5880,Russia1847,10
2001,5880,Japan1848,10
2001,5880,India1848,10
2001,5880,Russia1848,10
2001,5880,China1848,10
2001,5880,USA1848,10
2001,5880,UK1848,10
2001,5880,Africa1848,10
2001,5880,Australia1848,10
2001,5880,America1848,10
2001,5880,Russia1848,10
2001,5880,Japan1849,10
2001,5880,India1849,10
2001,5880,Russia1849,10
2001,5880,China1849,10
2001,5880,USA1849,10
2001,5880,UK1849,10
2001,5880,Africa1849,10
2001,5880,Australia1849,10
2001,5880,America1849,10
2001,5880,Russia1849,10
2001,5880,Japan1850,10
2001,5880,India1850,10
2001,5880,Russia1850,10
2001,5880,China1850,10
2001,5880,USA1850,10
2001,5880,UK1850,10
2001,5880,Africa1850,10
2001,5880,Australia1850,10
2001,5880,America1850,10
2001,5880,Russia1850,10
2001,5880,Japan1851,10
2001,5880,India1851,10
2001,5880,Russia1851,10
2001,5880,China1851,10
2001,5880,USA1851,10
2001,5880,UK1851,10
2001,5880,Africa1851,10
2001,5880,Australia1851,10
2001,5880,America1851,10
2001,5880,Russia1851,10
2001,5880,Japan1852,10
2001,5880,India1852,10
2001,5880,Russia1852,10
2001,5880,China1852,10
2001,5880,USA1852,10
2001,5880,UK1852,10
2001,5880,Africa1852,10
2001,5880,Australia1852,10
2001,5880,America1852,10
2001,5880,Russia1852,10
2001,5880,Japan1853,10
2001,5880,India1853,10
2001,5880,Russia1853,10
2001,5880,China1853,10
2001,5880,USA1853,10
2001,5880,UK1853,10
2001,5880,Africa1853,10
2001,5880,Australia1853,10
2001,5880,America1853,10
2001,5880,Russia1853,10
2001,5880,Japan1854,10
2001,5880,India1854,10
2001,5880,Russia1854,10
2001,5880,China1854,10
2001,5880,USA1854,10
2001,5880,UK1854,10
2001,5880,Africa1854,10
2001,5880,Australia1854,10
2001,5880,America1854,10
2001,5880,Russia1854,10
2001,5880,Japan1855,10
2001,5880,India1855,10
2001,5880,Russia1855,10
2001,5880,China1855,10
2001,5880,USA1855,10
2001,5880,UK1855,10
2001,5880,Africa1855,10
2001,5880,Australia1855,10
2001,5880,America1855,10
2001,5880,Russia1855,10
2001,5880,Japan1856,10
2001,5880,India1856,10
2001,5880,Russia1856,10
2001,5880,China1856,10
2001,5880,USA1856,10
2001,5880,UK1856,10
2001,5880,Africa1856,10
2001,5880,Australia1856,10
2001,5880,America1856,10
2001,5880,Russia1856,10
2001,5880,Japan1857,10
2001,5880,India1857,10
2001,5880,Russia1857,10
2001,5880,China1857,10
2001,5880,USA1857,10
2001,5880,UK1857,10
2001,5880,Africa1857,10
2001,5880,Australia1857,10
2001,5880,America1857,10
2001,5880,Russia1857,10
2001,5880,Japan1858,10
2001,5880,India1858,10
2001,5880,Russia1858,10
2001,5880,China1858,10
2001,5880,USA1858,10
2001,5880,UK1858,10
2001,5880,Africa1858,10
2001,5880,Australia1858,10
2001,5880,America1858,10
2001,5880,Russia1858,10
2001,5880,Japan1859,10
2001,5880,India1859,10
2001,5880,Russia1859,10
2001,5880,China1859,10
2001,5880,USA1859,10
2001,5880,UK1859,10
2001,5880,Africa1859,10
2001,5880,Australia1859,10
2001,5880,America1859,10
2001,5880,Russia1859,10
2001,5880,Japan1860,10
2001,5880,India1860,10
2001,5880,Russia1860,10
2001,5880,China1860,10
2001,5880,USA1860,10
2001,5880,UK1860,10
2001,5880,Africa1860,10
2001,5880,Australia1860,10
2001,5880,America1860,10
2001,5880,Russia1860,10
2001,5880,Japan1861,10
2001,5880,India1861,10
2001,5880,Russia1861,10
2001,5880,China1861,10
2001,5880,USA1861,10
2001,5880,UK1861,10
2001,5880,Africa1861,10
2001,5880,Australia1861,10
2001,5880,America1861,10
2001,5880,Russia1861,10
2001,5880,Japan1862,10
2001,5880,India1862,10
2001,5880,Russia1862,10
2001,5880,China1862,10
2001,5880,USA1862,10
2001,5880,UK1862,10
2001,5880,Africa1862,10
2001,5880,Australia1862,10
2001,5880,America1862,10
2001,5880,Russia1862,10
2001,5880,Japan1863,10
2001,5880,India1863,10
2001,5880,Russia1863,10
2001,5880,China1863,10
2001,5880,USA1863,10
2001,5880,UK1863,10
2001,5880,Africa1863,10
2001,5880,Australia1863,10
2001,5880,America1863,10
2001,5880,Russia1863,10
2001,5880,Japan1864,10
2001,5880,India1864,10
2001,5880,Russia1864,10
2001,5880,China1864,10
2001,5880,USA1864,10
2001,5880,UK1864,10
2001,5880,Africa1864,10
2001,5880,Australia1864,10
2001,5880,America1864,10
2001,5880,Russia1864,10
2001,5880,Japan1865,10
2001,5880,India1865,10
2001,5880,Russia1865,10
2001,5880,China1865,10
2001,5880,USA1865,10
2001,5880,UK1865,10
2001,5880,Africa1865,10
2001,5880,Australia1865,10
2001,5880,America1865,10
2001,5880,Russia1865,10
2001,5880,Japan1866,10
2001,5880,India1866,10
2001,5880,Russia1866,10
2001,5880,China1866,10
2001,5880,USA1866,10
2001,5880,UK1866,10
2001,5880,Africa1866,10
2001,5880,Australia1866,10
2001,5880,America1866,10
2001,5880,Russia1866,10
2001,5880,Japan1867,10
2001,5880,India1867,10
2001,5880,Russia1867,10
2001,5880,China1867,10
2001,5880,USA1867,10
2001,5880,UK1867,10
2001,5880,Africa1867,10
2001,5880,Australia1867,10
2001,5880,America1867,10
2001,5880,Russia1867,10
2001,5880,Japan1868,10
2001,5880,India1868,10
2001,5880,Russia1868,10
2001,5880,China1868,10
2001,5880,USA1868,10
2001,5880,UK1868,10
2001,5880,Africa1868,10
2001,5880,Australia1868,10
2001,5880,America1868,10
2001,5880,Russia1868,10
2001,5880,Japan1869,10
2001,5880,India1869,10
2001,5880,Russia1869,10
2001,5880,China1869,10
2001,5880,USA1869,10
2001,5880,UK1869,10
2001,5880,Africa1869,10
2001,5880,Australia1869,10
2001,5880,America1869,10
2001,5880,Russia1869,10
2001,5880,Japan1870,10
2001,5880,India1870,10
2001,5880,Russia1870,10
2001,5880,China1870,10
2001,5880,USA1870,10
2001,5880,UK1870,10
2001,5880,Africa1870,10
2001,5880,Australia1870,10
2001,5880,America1870,10
2001,5880,Russia1870,10
2001,5880,Japan1871,10
2001,5880,India1871,10
2001,5880,Russia1871,10
2001,5880,China1871,10
2001,5880,USA1871,10
2001,5880,UK1871,10
2001,5880,Africa1871,10
2001,5880,Australia1871,10
2001,5880,America1871,10
2001,5880,Russia1871,10
2001,5880,Japan1872,10
2001,5880,India1872,10
2001,5880,Russia1872,10
2001,5880,China1872,10
2001,5880,USA1872,10
2001,5880,UK1872,10
2001,5880,Africa1872,10
2001,5880,Australia1872,10
2001,5880,America1872,10
2001,5880,Russia1872,10
2001,5880,Japan1873,10
2001,5880,India1873,10
2001,5880,Russia1873,10
2001,5880,China1873,10
2001,5880,USA1873,10
2001,5880,UK1873,10
2001,5880,Africa1873,10
2001,5880,Australia1873,10
2001,5880,America1873,10
2001,5880,Russia1873,10
2001,5880,Japan1874,10
2001,5880,India1874,10
2001,5880,Russia1874,10
2001,5880,China1874,10
2001,5880,USA1874,10
2001,5880,UK1874,10
2001,5880,Africa1874,10
2001,5880,Australia1874,10
2001,5880,America1874,10
2001,5880,Russia1874,10
2001,5880,Japan1875,10
2001,5880,India1875,10
2001,5880,Russia1875,10
2001,5880,China1875,10
2001,5880,USA1875,10
2001,5880,UK1875,10
2001,5880,Africa1875,10
2001,5880,Australia1875,10
2001,5880,America1875,10
2001,5880,Russia1875,10
2001,5880,Japan1876,10
2001,5880,India1876,10
2001,5880,Russia1876,10
2001,5880,China1876,10
2001,5880,USA1876,10
2001,5880,UK1876,10
2001,5880,Africa1876,10
2001,5880,Australia1876,10
2001,5880,America1876,10
2001,5880,Russia1876,10
2001,5880,Japan1877,10
2001,5880,India1877,10
2001,5880,Russia1877,10
2001,5880,China1877,10
2001,5880,USA1877,10
2001,5880,UK1877,10
2001,5880,Africa1877,10
2001,5880,Australia1877,10
2001,5880,America1877,10
2001,5880,Russia1877,10
2001,5880,Japan1878,10
2001,5880,India1878,10
2001,5880,Russia1878,10
2001,5880,China1878,10
2001,5880,USA1878,10
2001,5880,UK1878,10
2001,5880,Africa1878,10
2001,5880,Australia1878,10
2001,5880,America1878,10
2001,5880,Russia1878,10
2001,5880,Japan1879,10
2001,5880,India1879,10
2001,5880,Russia1879,10
2001,5880,China1879,10
2001,5880,USA1879,10
2001,5880,UK1879,10
2001,5880,Africa1879,10
2001,5880,Australia1879,10
2001,5880,America1879,10
2001,5880,Russia1879,10
2001,5880,Japan1880,10
2001,5880,India1880,10
2001,5880,Russia1880,10
2001,5880,China1880,10
2001,5880,USA1880,10
2001,5880,UK1880,10
2001,5880,Africa1880,10
2001,5880,Australia1880,10
2001,5880,America1880,10
2001,5880,Russia1880,10
2001,5880,Japan1881,10
2001,5880,India1881,10
2001,5880,Russia1881,10
2001,5880,China1881,10
2001,5880,USA1881,10
2001,5880,UK1881,10
2001,5880,Africa1881,10
2001,5880,Australia1881,10
2001,5880,America1881,10
2001,5880,Russia1881,10
2001,5880,Japan1882,10
2001,5880,India1882,10
2001,5880,Russia1882,10
2001,5880,China1882,10
2001,5880,USA1882,10
2001,5880,UK1882,10
2001,5880,Africa1882,10
2001,5880,Australia1882,10
2001,5880,America1882,10
2001,5880,Russia1882,10
2001,5880,Japan1883,10
2001,5880,India1883,10
2001,5880,Russia1883,10
2001,5880,China1883,10
2001,5880,USA1883,10
2001,5880,UK1883,10
2001,5880,Africa1883,10
2001,5880,Australia1883,10
2001,5880,America1883,10
2001,5880,Russia1883,10
2001,5880,Japan1884,10
2001,5880,India1884,10
2001,5880,Russia1884,10
2001,5880,China1884,10
2001,5880,USA1884,10
2001,5880,UK1884,10
2001,5880,Africa1884,10
2001,5880,Australia1884,10
2001,5880,America1884,10
2001,5880,Russia1884,10
2001,5880,Japan1885,10
2001,5880,India1885,10
2001,5880,Russia1885,10
2001,5880,China1885,10
2001,5880,USA1885,10
2001,5880,UK1885,10
2001,5880,Africa1885,10
2001,5880,Australia1885,10
2001,5880,America1885,10
2001,5880,Russia1885,10
2001,5880,Japan1886,10
2001,5880,India1886,10
2001,5880,Russia1886,10
2001,5880,China1886,10
2001,5880,USA1886,10
2001,5880,UK1886,10
2001,5880,Africa1886,10
2001,5880,Australia1886,10
2001,5880,America1886,10
2001,5880,Russia1886,10
2001,5880,Japan1887,10
2001,5880,India1887,10
2001,5880,Russia1887,10
2001,5880,China1887,10
2001,5880,USA1887,10
2001,5880,UK1887,10
2001,5880,Africa1887,10
2001,5880,Australia1887,10
2001,5880,America1887,10
2001,5880,Russia1887,10
2001,5880,Japan1888,10
2001,5880,India1888,10
2001,5880,Russia1888,10
2001,5880,China1888,10
2001,5880,USA1888,10
2001,5880,UK1888,10
2001,5880,Africa1888,10
2001,5880,Australia1888,10
2001,5880,America1888,10
2001,5880,Russia1888,10
2001,5880,Japan1889,10
2001,5880,India1889,10
2001,5880,Russia1889,10
2001,5880,China1889,10
2001,5880,USA1889,10
2001,5880,UK1889,10
2001,5880,Africa1889,10
2001,5880,Australia1889,10
2001,5880,America1889,10
2001,5880,Russia1889,10
2001,5880,Japan1890,10
2001,5880,India1890,10
2001,5880,Russia1890,10
2001,5880,China1890,10
2001,5880,USA1890,10
2001,5880,UK1890,10
2001,5880,Africa1890,10
2001,5880,Australia1890,10
2001,5880,America1890,10
2001,5880,Russia1890,10
2001,5880,Japan1891,10
2001,5880,India1891,10
2001,5880,Russia1891,10
2001,5880,China1891,10
2001,5880,USA1891,10
2001,5880,UK1891,10
2001,5880,Africa1891,10
2001,5880,Australia1891,10
2001,5880,America1891,10
2001,5880,Russia1891,10
2001,5880,Japan1892,10
2001,5880,India1892,10
2001,5880,Russia1892,10
2001,5880,China1892,10
2001,5880,USA1892,10
2001,5880,UK1892,10
2001,5880,Africa1892,10
2001,5880,Australia1892,10
2001,5880,America1892,10
2001,5880,Russia1892,10
2001,5880,Japan1893,10
2001,5880,India1893,10
2001,5880,Russia1893,10
2001,5880,China1893,10
2001,5880,USA1893,10
2001,5880,UK1893,10
2001,5880,Africa1893,10
2001,5880,Australia1893,10
2001,5880,America1893,10
2001,5880,Russia1893,10
2001,5880,Japan1894,10
2001,5880,India1894,10
2001,5880,Russia1894,10
2001,5880,China1894,10
2001,5880,USA1894,10
2001,5880,UK1894,10
2001,5880,Africa1894,10
2001,5880,Australia1894,10
2001,5880,America1894,10
2001,5880,Russia1894,10
2001,5880,Japan1895,10
2001,5880,India1895,10
2001,5880,Russia1895,10
2001,5880,China1895,10
2001,5880,USA1895,10
2001,5880,UK1895,10
2001,5880,Africa1895,10
2001,5880,Australia1895,10
2001,5880,America1895,10
2001,5880,Russia1895,10
2001,5880,Japan1896,10
2001,5880,India1896,10
2001,5880,Russia1896,10
2001,5880,China1896,10
2001,5880,USA1896,10
2001,5880,UK1896,10
2001,5880,Africa1896,10
2001,5880,Australia1896,10
2001,5880,America1896,10
2001,5880,Russia1896,10
2001,5880,Japan1897,10
2001,5880,India1897,10
2001,5880,Russia1897,10
2001,5880,China1897,10
2001,5880,USA1897,10
2001,5880,UK1897,10
2001,5880,Africa1897,10
2001,5880,Australia1897,10
2001,5880,America1897,10
2001,5880,Russia1897,10
2001,5880,Japan1898,10
2001,5880,India1898,10
2001,5880,Russia1898,10
2001,5880,China1898,10
2001,5880,USA1898,10
2001,5880,UK1898,10
2001,5880,Africa1898,10
2001,5880,Australia1898,10
2001,5880,America1898,10
2001,5880,Russia1898,10
2001,5880,Japan1899,10
2001,5880,India1899,10
2001,5880,Russia1899,10
2001,5880,China1899,10
2001,5880,USA1899,10
2001,5880,UK1899,10
2001,5880,Africa1899,10
2001,5880,Australia1899,10
2001,5880,America1899,10
2001,5880,Russia1899,10
2001,5880,Japan1900,10
2001,5880,India1900,10
2001,5880,Russia1900,10
2001,5880,China1900,10
2001,5880,USA1900,10
2001,5880,UK1900,10
2001,5880,Africa1900,10
2001,5880,Australia1900,10
2001,5880,America1900,10
2001,5880,Russia1900,10
2001,5880,Japan1901,10
2001,5880,India1901,10
2001,5880,Russia1901,10
2001,5880,China1901,10
2001,5880,USA1901,10
2001,5880,UK1901,10
2001,5880,Africa1901,10
2001,5880,Australia1901,10
2001,5880,America1901,10
2001,5880,Russia1901,10
2001,5880,Japan1902,10
2001,5880,India1902,10
2001,5880,Russia1902,10
2001,5880,China1902,10
2001,5880,USA1902,10
2001,5880,UK1902,10
2001,5880,Africa1902,10
2001,5880,Australia1902,10
2001,5880,America1902,10
2001,5880,Russia1902,10
2001,5880,Japan1903,10
2001,5880,India1903,10
2001,5880,Russia1903,10
2001,5880,China1903,10
2001,5880,USA1903,10
2001,5880,UK1903,10
2001,5880,Africa1903,10
2001,5880,Australia1903,10
2001,5880,America1903,10
2001,5880,Russia1903,10
2001,5880,Japan1904,10
2001,5880,India1904,10
2001,5880,Russia1904,10
2001,5880,China1904,10
2001,5880,USA1904,10
2001,5880,UK1904,10
2001,5880,Africa1904,10
2001,5880,Australia1904,10
2001,5880,America1904,10
2001,5880,Russia1904,10
2001,5880,Japan1905,10
2001,5880,India1905,10
2001,5880,Russia1905,10
2001,5880,China1905,10
2001,5880,USA1905,10
2001,5880,UK1905,10
2001,5880,Africa1905,10
2001,5880,Australia1905,10
2001,5880,America1905,10
2001,5880,Russia1905,10
2001,5880,Japan1906,10
2001,5880,India1906,10
2001,5880,Russia1906,10
2001,5880,China1906,10
2001,5880,USA1906,10
2001,5880,UK1906,10
2001,5880,Africa1906,10
2001,5880,Australia1906,10
2001,5880,America1906,10
2001,5880,Russia1906,10
2001,5880,Japan1907,10
2001,5880,India1907,10
2001,5880,Russia1907,10
2001,5880,China1907,10
2001,5880,USA1907,10
2001,5880,UK1907,10
2001,5880,Africa1907,10
2001,5880,Australia1907,10
2001,5880,America1907,10
2001,5880,Russia1907,10
2001,5880,Japan1908,10
2001,5880,India1908,10
2001,5880,Russia1908,10
2001,5880,China1908,10
2001,5880,USA1908,10
2001,5880,UK1908,10
2001,5880,Africa1908,10
2001,5880,Australia1908,10
2001,5880,America1908,10
2001,5880,Russia1908,10
2001,5880,Japan1909,10
2001,5880,India1909,10
2001,5880,Russia1909,10
2001,5880,China1909,10
2001,5880,USA1909,10
2001,5880,UK1909,10
2001,5880,Africa1909,10
2001,5880,Australia1909,10
2001,5880,America1909,10
2001,5880,Russia1909,10
2001,5880,Japan1910,10
2001,5880,India1910,10
2001,5880,Russia1910,10
2001,5880,China1910,10
2001,5880,USA1910,10
2001,5880,UK1910,10
2001,5880,Africa1910,10
2001,5880,Australia1910,10
2001,5880,America1910,10
2001,5880,Russia1910,10
2001,5880,Japan1911,10
2001,5880,India1911,10
2001,5880,Russia1911,10
2001,5880,China1911,10
2001,5880,USA1911,10
2001,5880,UK1911,10
2001,5880,Africa1911,10
2001,5880,Australia1911,10
2001,5880,America1911,10
2001,5880,Russia1911,10
2001,5880,Japan1912,10
2001,5880,India1912,10
2001,5880,Russia1912,10
2001,5880,China1912,10
2001,5880,USA1912,10
2001,5880,UK1912,10
2001,5880,Africa1912,10
2001,5880,Australia1912,10
2001,5880,America1912,10
2001,5880,Russia1912,10
2001,5880,Japan1913,10
2001,5880,India1913,10
2001,5880,Russia1913,10
2001,5880,China1913,10
2001,5880,USA1913,10
2001,5880,UK1913,10
2001,5880,Africa1913,10
2001,5880,Australia1913,10
2001,5880,America1913,10
2001,5880,Russia1913,10
2001,5880,Japan1914,10
2001,5880,India1914,10
2001,5880,Russia1914,10
2001,5880,China1914,10
2001,5880,USA1914,10
2001,5880,UK1914,10
2001,5880,Africa1914,10
2001,5880,Australia1914,10
2001,5880,America1914,10
2001,5880,Russia1914,10
2001,5880,Japan1915,10
2001,5880,India1915,10
2001,5880,Russia1915,10
2001,5880,China1915,10
2001,5880,USA1915,10
2001,5880,UK1915,10
2001,5880,Africa1915,10
2001,5880,Australia1915,10
2001,5880,America1915,10
2001,5880,Russia1915,10
2001,5880,Japan1916,10
2001,5880,India1916,10
2001,5880,Russia1916,10
2001,5880,China1916,10
2001,5880,USA1916,10
2001,5880,UK1916,10
2001,5880,Africa1916,10
2001,5880,Australia1916,10
2001,5880,America1916,10
2001,5880,Russia1916,10
2001,5880,Japan1917,10
2001,5880,India1917,10
2001,5880,Russia1917,10
2001,5880,China1917,10
2001,5880,USA1917,10
2001,5880,UK1917,10
2001,5880,Africa1917,10
2001,5880,Australia1917,10
2001,5880,America1917,10
2001,5880,Russia1917,10
2001,5880,Japan1918,10
2001,5880,India1918,10
2001,5880,Russia1918,10
2001,5880,China1918,10
2001,5880,USA1918,10
2001,5880,UK1918,10
2001,5880,Africa1918,10
2001,5880,Australia1918,10
2001,5880,America1918,10
2001,5880,Russia1918,10
2001,5880,Japan1919,10
2001,5880,India1919,10
2001,5880,Russia1919,10
2001,5880,China1919,10
2001,5880,USA1919,10
2001,5880,UK1919,10
2001,5880,Africa1919,10
2001,5880,Australia1919,10
2001,5880,America1919,10
2001,5880,Russia1919,10
2001,5880,Japan1920,10
2001,5880,India1920,10
2001,5880,Russia1920,10
2001,5880,China1920,10
2001,5880,USA1920,10
2001,5880,UK1920,10
2001,5880,Africa1920,10
2001,5880,Australia1920,10
2001,5880,America1920,10
2001,5880,Russia1920,10
2001,5880,Japan1921,10
2001,5880,India1921,10
2001,5880,Russia1921,10
2001,5880,China1921,10
2001,5880,USA1921,10
2001,5880,UK1921,10
2001,5880,Africa1921,10
2001,5880,Australia1921,10
2001,5880,America1921,10
2001,5880,Russia1921,10
2001,5880,Japan1922,10
2001,5880,India1922,10
2001,5880,Russia1922,10
2001,5880,China1922,10
2001,5880,USA1922,10
2001,5880,UK1922,10
2001,5880,Africa1922,10
2001,5880,Australia1922,10
2001,5880,America1922,10
2001,5880,Russia1922,10
2001,5880,Japan1923,10
2001,5880,India1923,10
2001,5880,Russia1923,10
2001,5880,China1923,10
2001,5880,USA1923,10
2001,5880,UK1923,10
2001,5880,Africa1923,10
2001,5880,Australia1923,10
2001,5880,America1923,10
2001,5880,Russia1923,10
2001,5880,Japan1924,10
2001,5880,India1924,10
2001,5880,Russia1924,10
2001,5880,China1924,10
2001,5880,USA1924,10
2001,5880,UK1924,10
2001,5880,Africa1924,10
2001,5880,Australia1924,10
2001,5880,America1924,10
2001,5880,Russia1924,10
2001,5880,Japan1925,10
2001,5880,India1925,10
2001,5880,Russia1925,10
2001,5880,China1925,10
2001,5880,USA1925,10
2001,5880,UK1925,10
2001,5880,Africa1925,10
2001,5880,Australia1925,10
2001,5880,America1925,10
2001,5880,Russia1925,10
2001,5880,Japan1926,10
2001,5880,India1926,10
2001,5880,Russia1926,10
2001,5880,China1926,10
2001,5880,USA1926,10
2001,5880,UK1926,10
2001,5880,Africa1926,10
2001,5880,Australia1926,10
2001,5880,America1926,10
2001,5880,Russia1926,10
2001,5880,Japan1927,10
2001,5880,India1927,10
2001,5880,Russia1927,10
2001,5880,China1927,10
2001,5880,USA1927,10
2001,5880,UK1927,10
2001,5880,Africa1927,10
2001,5880,Australia1927,10
2001,5880,America1927,10
2001,5880,Russia1927,10
2001,5880,Japan1928,10
2001,5880,India1928,10
2001,5880,Russia1928,10
2001,5880,China1928,10
2001,5880,USA1928,10
2001,5880,UK1928,10
2001,5880,Africa1928,10
2001,5880,Australia1928,10
2001,5880,America1928,10
2001,5880,Russia1928,10
2001,5880,Japan1929,10
2001,5880,India1929,10
2001,5880,Russia1929,10
2001,5880,China1929,10
2001,5880,USA1929,10
2001,5880,UK1929,10
2001,5880,Africa1929,10
2001,5880,Australia1929,10
2001,5880,America1929,10
2001,5880,Russia1929,10
2001,5880,Japan1930,10
2001,5880,India1930,10
2001,5880,Russia1930,10
2001,5880,China1930,10
2001,5880,USA1930,10
2001,5880,UK1930,10
2001,5880,Africa1930,10
2001,5880,Australia1930,10
2001,5880,America1930,10
2001,5880,Russia1930,10
2001,5880,Japan1931,10
2001,5880,India1931,10
2001,5880,Russia1931,10
2001,5880,China1931,10
2001,5880,USA1931,10
2001,5880,UK1931,10
2001,5880,Africa1931,10
2001,5880,Australia1931,10
2001,5880,America1931,10
2001,5880,Russia1931,10
2001,5880,Japan1932,10
2001,5880,India1932,10
2001,5880,Russia1932,10
2001,5880,China1932,10
2001,5880,USA1932,10
2001,5880,UK1932,10
2001,5880,Africa1932,10
2001,5880,Australia1932,10
2001,5880,America1932,10
2001,5880,Russia1932,10
2001,5880,Japan1933,10
2001,5880,India1933,10
2001,5880,Russia1933,10
2001,5880,China1933,10
2001,5880,USA1933,10
2001,5880,UK1933,10
2001,5880,Africa1933,10
2001,5880,Australia1933,10
2001,5880,America1933,10
2001,5880,Russia1933,10
2001,5880,Japan1934,10
2001,5880,India1934,10
2001,5880,Russia1934,10
2001,5880,China1934,10
2001,5880,USA1934,10
2001,5880,UK1934,10
2001,5880,Africa1934,10
2001,5880,Australia1934,10
2001,5880,America1934,10
2001,5880,Russia1934,10
2001,5880,Japan1935,10
2001,5880,India1935,10
2001,5880,Russia1935,10
2001,5880,China1935,10
2001,5880,USA1935,10
2001,5880,UK1935,10
2001,5880,Africa1935,10
2001,5880,Australia1935,10
2001,5880,America1935,10
2001,5880,Russia1935,10
2001,5880,Japan1936,10
2001,5880,India1936,10
2001,5880,Russia1936,10
2001,5880,China1936,10
2001,5880,USA1936,10
2001,5880,UK1936,10
2001,5880,Africa1936,10
2001,5880,Australia1936,10
2001,5880,America1936,10
2001,5880,Russia1936,10
2001,5880,Japan1937,10
2001,5880,India1937,10
2001,5880,Russia1937,10
2001,5880,China1937,10
2001,5880,USA1937,10
2001,5880,UK1937,10
2001,5880,Africa1937,10
2001,5880,Australia1937,10
2001,5880,America1937,10
2001,5880,Russia1937,10
2001,5880,Japan1938,10
2001,5880,India1938,10
2001,5880,Russia1938,10
2001,5880,China1938,10
2001,5880,USA1938,10
2001,5880,UK1938,10
2001,5880,Africa1938,10
2001,5880,Australia1938,10
2001,5880,America1938,10
2001,5880,Russia1938,10
2001,5880,Japan1939,10
2001,5880,India1939,10
2001,5880,Russia1939,10
2001,5880,China1939,10
2001,5880,USA1939,10
2001,5880,UK1939,10
2001,5880,Africa1939,10
2001,5880,Australia1939,10
2001,5880,America1939,10
2001,5880,Russia1939,10
2001,5880,Japan1940,10
2001,5880,India1940,10
2001,5880,Russia1940,10
2001,5880,China1940,10
2001,5880,USA1940,10
2001,5880,UK1940,10
2001,5880,Africa1940,10
2001,5880,Australia1940,10
2001,5880,America1940,10
2001,5880,Russia1940,10
2001,5880,Japan1941,10
2001,5880,India1941,10
2001,5880,Russia1941,10
2001,5880,China1941,10
2001,5880,USA1941,10
2001,5880,UK1941,10
2001,5880,Africa1941,10
2001,5880,Australia1941,10
2001,5880,America1941,10
2001,5880,Russia1941,10
2001,5880,Japan1942,10
2001,5880,India1942,10
2001,5880,Russia1942,10
2001,5880,China1942,10
2001,5880,USA1942,10
2001,5880,UK1942,10
2001,5880,Africa1942,10
2001,5880,Australia1942,10
2001,5880,America1942,10
2001,5880,Russia1942,10
2001,5880,Japan1943,10
2001,5880,India1943,10
2001,5880,Russia1943,10
2001,5880,China1943,10
2001,5880,USA1943,10
2001,5880,UK1943,10
2001,5880,Africa1943,10
2001,5880,Australia1943,10
2001,5880,America1943,10
2001,5880,Russia1943,10
2001,5880,Japan1944,10
2001,5880,India1944,10
2001,5880,Russia1944,10
2001,5880,China1944,10
2001,5880,USA1944,10
2001,5880,UK1944,10
2001,5880,Africa1944,10
2001,5880,Australia1944,10
2001,5880,America1944,10
2001,5880,Russia1944,10
2001,5880,Japan1945,10
2001,5880,India1945,10
2001,5880,Russia1945,10
2001,5880,China1945,10
2001,5880,USA1945,10
2001,5880,UK1945,10
2001,5880,Africa1945,10
2001,5880,Australia1945,10
2001,5880,America1945,10
2001,5880,Russia1945,10
2001,5880,Japan1946,10
2001,5880,India1946,10
2001,5880,Russia1946,10
2001,5880,China1946,10
2001,5880,USA1946,10
2001,5880,UK1946,10
2001,5880,Africa1946,10
2001,5880,Australia1946,10
2001,5880,America1946,10
2001,5880,Russia1946,10
2001,5880,Japan1947,10
2001,5880,India1947,10
2001,5880,Russia1947,10
2001,5880,China1947,10
2001,5880,USA1947,10
2001,5880,UK1947,10
2001,5880,Africa1947,10
2001,5880,Australia1947,10
2001,5880,America1947,10
2001,5880,Russia1947,10
2001,5880,Japan1948,10
2001,5880,India1948,10
2001,5880,Russia1948,10
2001,5880,China1948,10
2001,5880,USA1948,10
2001,5880,UK1948,10
2001,5880,Africa1948,10
2001,5880,Australia1948,10
2001,5880,America1948,10
2001,5880,Russia1948,10
2001,5880,Japan1949,10
2001,5880,India1949,10
2001,5880,Russia1949,10
2001,5880,China1949,10
2001,5880,USA1949,10
2001,5880,UK1949,10
2001,5880,Africa1949,10
2001,5880,Australia1949,10
2001,5880,America1949,10
2001,5880,Russia1949,10
2001,5880,Japan1950,10
2001,5880,India1950,10
2001,5880,Russia1950,10
2001,5880,China1950,10
2001,5880,USA1950,10
2001,5880,UK1950,10
2001,5880,Africa1950,10
2001,5880,Australia1950,10
2001,5880,America1950,10
2001,5880,Russia1950,10
2001,5880,Japan1951,10
2001,5880,India1951,10
2001,5880,Russia1951,10
2001,5880,China1951,10
2001,5880,USA1951,10
2001,5880,UK1951,10
2001,5880,Africa1951,10
2001,5880,Australia1951,10
2001,5880,America1951,10
2001,5880,Russia1951,10
2001,5880,Japan1952,10
2001,5880,India1952,10
2001,5880,Russia1952,10
2001,5880,China1952,10
2001,5880,USA1952,10
2001,5880,UK1952,10
2001,5880,Africa1952,10
2001,5880,Australia1952,10
2001,5880,America1952,10
2001,5880,Russia1952,10
2001,5880,Japan1953,10
2001,5880,India1953,10
2001,5880,Russia1953,10
2001,5880,China1953,10
2001,5880,USA1953,10
2001,5880,UK1953,10
2001,5880,Africa1953,10
2001,5880,Australia1953,10
2001,5880,America1953,10
2001,5880,Russia1953,10
2001,5880,Japan1954,10
2001,5880,India1954,10
2001,5880,Russia1954,10
2001,5880,China1954,10
2001,5880,USA1954,10
2001,5880,UK1954,10
2001,5880,Africa1954,10
2001,5880,Australia1954,10
2001,5880,America1954,10
2001,5880,Russia1954,10
2001,5880,Japan1955,10
2001,5880,India1955,10
2001,5880,Russia1955,10
2001,5880,China1955,10
2001,5880,USA1955,10
2001,5880,UK1955,10
2001,5880,Africa1955,10
2001,5880,Australia1955,10
2001,5880,America1955,10
2001,5880,Russia1955,10
2001,5880,Japan1956,10
2001,5880,India1956,10
2001,5880,Russia1956,10
2001,5880,China1956,10
2001,5880,USA1956,10
2001,5880,UK1956,10
2001,5880,Africa1956,10
2001,5880,Australia1956,10
2001,5880,America1956,10
2001,5880,Russia1956,10
2001,5880,Japan1957,10
2001,5880,India1957,10
2001,5880,Russia1957,10
2001,5880,China1957,10
2001,5880,USA1957,10
2001,5880,UK1957,10
2001,5880,Africa1957,10
2001,5880,Australia1957,10
2001,5880,America1957,10
2001,5880,Russia1957,10
2001,5880,Japan1958,10
2001,5880,India1958,10
2001,5880,Russia1958,10
2001,5880,China1958,10
2001,5880,USA1958,10
2001,5880,UK1958,10
2001,5880,Africa1958,10
2001,5880,Australia1958,10
2001,5880,America1958,10
2001,5880,Russia1958,10
2001,5880,Japan1959,10
2001,5880,India1959,10
2001,5880,Russia1959,10
2001,5880,China1959,10
2001,5880,USA1959,10
2001,5880,UK1959,10
2001,5880,Africa1959,10
2001,5880,Australia1959,10
2001,5880,America1959,10
2001,5880,Russia1959,10
2001,5880,Japan1960,10
2001,5880,India1960,10
2001,5880,Russia1960,10
2001,5880,China1960,10
2001,5880,USA1960,10
2001,5880,UK1960,10
2001,5880,Africa1960,10
2001,5880,Australia1960,10
2001,5880,America1960,10
2001,5880,Russia1960,10
2001,5880,Japan1961,10
2001,5880,India1961,10
2001,5880,Russia1961,10
2001,5880,China1961,10
2001,5880,USA1961,10
2001,5880,UK1961,10
2001,5880,Africa1961,10
2001,5880,Australia1961,10
2001,5880,America1961,10
2001,5880,Russia1961,10
2001,5880,Japan1962,10
2001,5880,India1962,10
2001,5880,Russia1962,10
2001,5880,China1962,10
2001,5880,USA1962,10
2001,5880,UK1962,10
2001,5880,Africa1962,10
2001,5880,Australia1962,10
2001,5880,America1962,10
2001,5880,Russia1962,10
2001,5880,Japan1963,10
2001,5880,India1963,10
2001,5880,Russia1963,10
2001,5880,China1963,10
2001,5880,USA1963,10
2001,5880,UK1963,10
2001,5880,Africa1963,10
2001,5880,Australia1963,10
2001,5880,America1963,10
2001,5880,Russia1963,10
2001,5880,Japan1964,10
2001,5880,India1964,10
2001,5880,Russia1964,10
2001,5880,China1964,10
2001,5880,USA1964,10
2001,5880,UK1964,10
2001,5880,Africa1964,10
2001,5880,Australia1964,10
2001,5880,America1964,10
2001,5880,Russia1964,10
2001,5880,Japan1965,10
2001,5880,India1965,10
2001,5880,Russia1965,10
2001,5880,China1965,10
2001,5880,USA1965,10
2001,5880,UK1965,10
2001,5880,Africa1965,10
2001,5880,Australia1965,10
2001,5880,America1965,10
2001,5880,Russia1965,10
2001,5880,Japan1966,10
2001,5880,India1966,10
2001,5880,Russia1966,10
2001,5880,China1966,10
2001,5880,USA1966,10
2001,5880,UK1966,10
2001,5880,Africa1966,10
2001,5880,Australia1966,10
2001,5880,America1966,10
2001,5880,Russia1966,10
2001,5880,Japan1967,10
2001,5880,India1967,10
2001,5880,Russia1967,10
2001,5880,China1967,10
2001,5880,USA1967,10
2001,5880,UK1967,10
2001,5880,Africa1967,10
2001,5880,Australia1967,10
2001,5880,America1967,10
2001,5880,Russia1967,10
2001,5880,Japan1968,10
2001,5880,India1968,10
2001,5880,Russia1968,10
2001,5880,China1968,10
2001,5880,USA1968,10
2001,5880,UK1968,10
2001,5880,Africa1968,10
2001,5880,Australia1968,10
2001,5880,America1968,10
2001,5880,Russia1968,10
2001,5880,Japan1969,10
2001,5880,India1969,10
2001,5880,Russia1969,10
2001,5880,China1969,10
2001,5880,USA1969,10
2001,5880,UK1969,10
2001,5880,Africa1969,10
2001,5880,Australia1969,10
2001,5880,America1969,10
2001,5880,Russia1969,10
2001,5880,Japan1970,10
2001,5880,India1970,10
2001,5880,Russia1970,10
2001,5880,China1970,10
2001,5880,USA1970,10
2001,5880,UK1970,10
2001,5880,Africa1970,10
2001,5880,Australia1970,10
2001,5880,America1970,10
2001,5880,Russia1970,10
2001,5880,Japan1971,10
2001,5880,India1971,10
2001,5880,Russia1971,10
2001,5880,China1971,10
2001,5880,USA1971,10
2001,5880,UK1971,10
2001,5880,Africa1971,10
2001,5880,Australia1971,10
2001,5880,America1971,10
2001,5880,Russia1971,10
2001,5880,Japan1972,10
2001,5880,India1972,10
2001,5880,Russia1972,10
2001,5880,China1972,10
2001,5880,USA1972,10
2001,5880,UK1972,10
2001,5880,Africa1972,10
2001,5880,Australia1972,10
2001,5880,America1972,10
2001,5880,Russia1972,10
2001,5880,Japan1973,10
2001,5880,India1973,10
2001,5880,Russia1973,10
2001,5880,China1973,10
2001,5880,USA1973,10
2001,5880,UK1973,10
2001,5880,Africa1973,10
2001,5880,Australia1973,10
2001,5880,America1973,10
2001,5880,Russia1973,10
2001,5880,Japan1974,10
2001,5880,India1974,10
2001,5880,Russia1974,10
2001,5880,China1974,10
2001,5880,USA1974,10
2001,5880,UK1974,10
2001,5880,Africa1974,10
2001,5880,Australia1974,10
2001,5880,America1974,10
2001,5880,Russia1974,10
2001,5880,Japan1975,10
2001,5880,India1975,10
2001,5880,Russia1975,10
2001,5880,China1975,10
2001,5880,USA1975,10
2001,5880,UK1975,10
2001,5880,Africa1975,10
2001,5880,Australia1975,10
2001,5880,America1975,10
2001,5880,Russia1975,10
2001,5880,Japan1976,10
2001,5880,India1976,10
2001,5880,Russia1976,10
2001,5880,China1976,10
2001,5880,USA1976,10
2001,5880,UK1976,10
2001,5880,Africa1976,10
2001,5880,Australia1976,10
2001,5880,America1976,10
2001,5880,Russia1976,10
2001,5880,Japan1977,10
2001,5880,India1977,10
2001,5880,Russia1977,10
2001,5880,China1977,10
2001,5880,USA1977,10
2001,5880,UK1977,10
2001,5880,Africa1977,10
2001,5880,Australia1977,10
2001,5880,America1977,10
2001,5880,Russia1977,10
2001,5880,Japan1978,10
2001,5880,India1978,10
2001,5880,Russia1978,10
2001,5880,China1978,10
2001,5880,USA1978,10
2001,5880,UK1978,10
2001,5880,Africa1978,10
2001,5880,Australia1978,10
2001,5880,America1978,10
2001,5880,Russia1978,10
2001,5880,Japan1979,10
2001,5880,India1979,10
2001,5880,Russia1979,10
2001,5880,China1979,10
2001,5880,USA1979,10
2001,5880,UK1979,10
2001,5880,Africa1979,10
2001,5880,Australia1979,10
2001,5880,America1979,10
2001,5880,Russia1979,10
2001,5880,Japan1980,10
2001,5880,India1980,10
2001,5880,Russia1980,10
2001,5880,China1980,10
2001,5880,USA1980,10
2001,5880,UK1980,10
2001,5880,Africa1980,10
2001,5880,Australia1980,10
2001,5880,America1980,10
2001,5880,Russia1980,10
2001,5880,Japan1981,10
2001,5880,India1981,10
2001,5880,Russia1981,10
2001,5880,China1981,10
2001,5880,USA1981,10
2001,5880,UK1981,10
2001,5880,Africa1981,10
2001,5880,Australia1981,10
2001,5880,America1981,10
2001,5880,Russia1981,10
2001,5880,Japan1982,10
2001,5880,India1982,10
2001,5880,Russia1982,10
2001,5880,China1982,10
2001,5880,USA1982,10
2001,5880,UK1982,10
2001,5880,Africa1982,10
2001,5880,Australia1982,10
2001,5880,America1982,10
2001,5880,Russia1982,10
2001,5880,Japan1983,10
2001,5880,India1983,10
2001,5880,Russia1983,10
2001,5880,China1983,10
2001,5880,USA1983,10
2001,5880,UK1983,10
2001,5880,Africa1983,10
2001,5880,Australia1983,10
2001,5880,America1983,10
2001,5880,Russia1983,10
2001,5880,Japan1984,10
2001,5880,India1984,10
2001,5880,Russia1984,10
2001,5880,China1984,10
2001,5880,USA1984,10
2001,5880,UK1984,10
2001,5880,Africa1984,10
2001,5880,Australia1984,10
2001,5880,America1984,10
2001,5880,Russia1984,10
2001,5880,Japan1985,10
2001,5880,India1985,10
2001,5880,Russia1985,10
2001,5880,China1985,10
2001,5880,USA1985,10
2001,5880,UK1985,10
2001,5880,Africa1985,10
2001,5880,Australia1985,10
2001,5880,America1985,10
2001,5880,Russia1985,10
2001,5880,Japan1986,10
2001,5880,India1986,10
2001,5880,Russia1986,10
2001,5880,China1986,10
2001,5880,USA1986,10
2001,5880,UK1986,10
2001,5880,Africa1986,10
2001,5880,Australia1986,10
2001,5880,America1986,10
2001,5880,Russia1986,10
2001,5880,Japan1987,10
2001,5880,India1987,10
2001,5880,Russia1987,10
2001,5880,China1987,10
2001,5880,USA1987,10
2001,5880,UK1987,10
2001,5880,Africa1987,10
2001,5880,Australia1987,10
2001,5880,America1987,10
2001,5880,Russia1987,10
2001,5880,Japan1988,10
2001,5880,India1988,10
2001,5880,Russia1988,10
2001,5880,China1988,10
2001,5880,USA1988,10
2001,5880,UK1988,10
2001,5880,Africa1988,10
2001,5880,Australia1988,10
2001,5880,America1988,10
2001,5880,Russia1988,10
2001,5880,Japan1989,10
2001,5880,India1989,10
2001,5880,Russia1989,10
2001,5880,China1989,10
2001,5880,USA1989,10
2001,5880,UK1989,10
2001,5880,Africa1989,10
2001,5880,Australia1989,10
2001,5880,America1989,10
2001,5880,Russia1989,10
2001,5880,Japan1990,10
2001,5880,India1990,10
2001,5880,Russia1990,10
2001,5880,China1990,10
2001,5880,USA1990,10
2001,5880,UK1990,10
2001,5880,Africa1990,10
2001,5880,Australia1990,10
2001,5880,America1990,10
2001,5880,Russia1990,10
2001,5880,Japan1991,10
2001,5880,India1991,10
2001,5880,Russia1991,10
2001,5880,China1991,10
2001,5880,USA1991,10
2001,5880,UK1991,10
2001,5880,Africa1991,10
2001,5880,Australia1991,10
2001,5880,America1991,10
2001,5880,Russia1991,10
2001,5880,Japan1992,10
2001,5880,India1992,10
2001,5880,Russia1992,10
2001,5880,China1992,10
2001,5880,USA1992,10
2001,5880,UK1992,10
2001,5880,Africa1992,10
2001,5880,Australia1992,10
2001,5880,America1992,10
2001,5880,Russia1992,10
2001,5880,Japan1993,10
2001,5880,India1993,10
2001,5880,Russia1993,10
2001,5880,China1993,10
2001,5880,USA1993,10
2001,5880,UK1993,10
2001,5880,Africa1993,10
2001,5880,Australia1993,10
2001,5880,America1993,10
2001,5880,Russia1993,10
2001,5880,Japan1994,10
2001,5880,India1994,10
2001,5880,Russia1994,10
2001,5880,China1994,10
2001,5880,USA1994,10
2001,5880,UK1994,10
2001,5880,Africa1994,10
2001,5880,Australia1994,10
2001,5880,America1994,10
2001,5880,Russia1994,10
2001,5880,Japan1995,10
2001,5880,India1995,10
2001,5880,Russia1995,10
2001,5880,China1995,10
2001,5880,USA1995,10
2001,5880,UK1995,10
2001,5880,Africa1995,10
2001,5880,Australia1995,10
2001,5880,America1995,10
2001,5880,Russia1995,10
2001,5880,Japan1996,10
2001,5880,India1996,10
2001,5880,Russia1996,10
2001,5880,China1996,10
2001,5880,USA1996,10
2001,5880,UK1996,10
2001,5880,Africa1996,10
2001,5880,Australia1996,10
2001,5880,America1996,10
2001,5880,Russia1996,10
2001,5880,Japan1997,10
2001,5880,India1997,10
2001,5880,Russia1997,10
2001,5880,China1997,10
2001,5880,USA1997,10
2001,5880,UK1997,10
2001,5880,Africa1997,10
2001,5880,Australia1997,10
2001,5880,America1997,10
2001,5880,Russia1997,10
2001,5880,Japan1998,10
2001,5880,India1998,10
2001,5880,Russia1998,10
2001,5880,China1998,10
2001,5880,USA1998,10
2001,5880,UK1998,10
2001,5880,Africa1998,10
2001,5880,Australia1998,10
2001,5880,America1998,10
2001,5880,Russia1998,10
2001,5880,Japan1999,10
2001,5880,India1999,10
2001,5880,Russia1999,10
2001,5880,China1999,10
2001,5880,USA1999,10
2001,5880,UK1999,10
2001,5880,Africa1999,10
2001,5880,Australia1999,10
2001,5880,America1999,10
2001,5880,Russia1999,10